-- phpMyAdmin SQL Dump
-- version 5.2.0
-- https://www.phpmyadmin.net/
--
-- Hôte : 127.0.0.1:3306
-- Généré le : jeu. 24 août 2023 à 13:30
-- Version du serveur : 8.0.31
-- Version de PHP : 8.0.26

SET SQL_MODE = "NO_AUTO_VALUE_ON_ZERO";
START TRANSACTION;
SET time_zone = "+00:00";


/*!40101 SET @OLD_CHARACTER_SET_CLIENT=@@CHARACTER_SET_CLIENT */;
/*!40101 SET @OLD_CHARACTER_SET_RESULTS=@@CHARACTER_SET_RESULTS */;
/*!40101 SET @OLD_COLLATION_CONNECTION=@@COLLATION_CONNECTION */;
/*!40101 SET NAMES utf8mb4 */;

--
-- Base de données : `sam`
--

-- --------------------------------------------------------

--
-- Structure de la table `charge`
--

DROP TABLE IF EXISTS `charge`;
CREATE TABLE IF NOT EXISTS `charge` (
  `id` int NOT NULL AUTO_INCREMENT,
  `unit_id` int NOT NULL,
  `user_id` int NOT NULL,
  `description` text NOT NULL,
  `date` date NOT NULL,
  `statut` varchar(255) NOT NULL,
  `montant` decimal(8,2) NOT NULL,
  PRIMARY KEY (`id`),
  KEY `fk_unit_id` (`unit_id`),
  KEY `fk_user_id` (`user_id`)
) ENGINE=MyISAM DEFAULT CHARSET=utf8mb4 COLLATE=utf8mb4_0900_ai_ci;

-- --------------------------------------------------------

--
-- Structure de la table `country`
--

DROP TABLE IF EXISTS `country`;
CREATE TABLE IF NOT EXISTS `country` (
  `id` int NOT NULL AUTO_INCREMENT,
  `name` varchar(128) NOT NULL,
  PRIMARY KEY (`id`)
) ENGINE=MyISAM AUTO_INCREMENT=2 DEFAULT CHARSET=utf8mb4 COLLATE=utf8mb4_0900_ai_ci;

--
-- Déchargement des données de la table `country`
--

INSERT INTO `country` (`id`, `name`) VALUES
(1, 'maroc');

-- --------------------------------------------------------

--
-- Structure de la table `grade`
--

DROP TABLE IF EXISTS `grade`;
CREATE TABLE IF NOT EXISTS `grade` (
  `id` int NOT NULL AUTO_INCREMENT,
  `item_leased_id` int NOT NULL,
  `grade_category_id` int NOT NULL,
  `user_from` int NOT NULL,
  `user_to` int NOT NULL,
  `grade` decimal(3,1) NOT NULL,
  `description` text NOT NULL,
  PRIMARY KEY (`id`),
  KEY `fk_item_leased_id` (`item_leased_id`),
  KEY `fk_grade_category_id` (`grade_category_id`),
  KEY `fk_user_from` (`user_from`),
  KEY `fk_user_to` (`user_to`)
) ENGINE=MyISAM DEFAULT CHARSET=utf8mb4 COLLATE=utf8mb4_0900_ai_ci;

-- --------------------------------------------------------

--
-- Structure de la table `grade_category`
--

DROP TABLE IF EXISTS `grade_category`;
CREATE TABLE IF NOT EXISTS `grade_category` (
  `id` int NOT NULL AUTO_INCREMENT,
  `category_name` varchar(64) NOT NULL,
  `item_type_id` int NOT NULL,
  `who_grades` int NOT NULL,
  PRIMARY KEY (`id`),
  KEY `fk_item_type_id` (`item_type_id`)
) ENGINE=MyISAM DEFAULT CHARSET=utf8mb4 COLLATE=utf8mb4_0900_ai_ci;

-- --------------------------------------------------------

--
-- Structure de la table `item`
--

DROP TABLE IF EXISTS `item`;
CREATE TABLE IF NOT EXISTS `item` (
  `id` int NOT NULL AUTO_INCREMENT,
  `item_name` varchar(255) NOT NULL,
  `item_type_id` int NOT NULL,
  `location_id` int NOT NULL,
  `item_location` text NOT NULL,
  `description` text NOT NULL,
  `owner_id` int NOT NULL,
  `price_per_unit` decimal(8,2) NOT NULL,
  `unit_id` int NOT NULL,
  `avaible` blob,
  `titrePropriete` blob NOT NULL,
  PRIMARY KEY (`id`),
  KEY `fk_item_type_id` (`item_type_id`),
  KEY `fk_location_id` (`location_id`),
  KEY `fk_owner_id` (`owner_id`),
  KEY `fk_unit_id` (`unit_id`)
) ENGINE=MyISAM AUTO_INCREMENT=8450 DEFAULT CHARSET=utf8mb4 COLLATE=utf8mb4_0900_ai_ci;

--
-- Déchargement des données de la table `item`
--

INSERT INTO `item` (`id`, `item_name`, `item_type_id`, `location_id`, `item_location`, `description`, `owner_id`, `price_per_unit`, `unit_id`, `avaible`, `titrePropriete`) VALUES
(8446, 'immeuble', 1, 5, 'sidi maarouf', 'petite appartement ', 1, '9999.97', 5, '', '');
INSERT INTO `item` (`id`, `item_name`, `item_type_id`, `location_id`, `item_location`, `description`, `owner_id`, `price_per_unit`, `unit_id`, `avaible`, `titrePropriete`) VALUES
(8324, 'bayti', 2, 5, 'salam', 'aaaaeaeeaeea', 29, '10000.00', 4, '', 0x89504e470d0a1a0a0000000d494844520000057e000002460806000000ecc29d23000000017352474200aece1ce90000000467414d410000b18f0bfc61050000000970485973000016250000162501495224f00000ffa549444154785eecfd77905d599edf897daf7b36bd774026bc070a0553b6abbaab7df734c77276c999582e43bb5c528a1537b421890aaea4d132b4a1bfa46088a266c8597269825c92b3c315b9247bda9beaeeaa2e5f8582f7407afff2f9ebf4fb9dfb1e329100aa0014aa0b89fc7eb20ede7bf79e7bcf39bf635eddeffbdddfb5f61f3c1963531125ffc6c9ab6dd9e655de355e659f65fe3569756b8358b7b8b06e59cd466c25e76a9e7b3310c5b1d8ce180a9d5d9d585c5834ef371251a3dfd6f69aad7fa68f01eb8efe8cb076b224e344d17ca11ce99871219691cff69afdb2374e3e58c666c9f9e3d89777a11cb57694358e933a24c727fb6c04f26fadf1299272d292c7359f74fc69de666be2c6d876ccd86e1c2ff54a6a7027499bf498663de47d734c6b3dccf91cf3b1d9e78f1a3dab2de5981a4b859ab6d3929b76d07aae2d7db5de09cd7d89fd57b9754ca35fd713cb585692be6920ed4fb62668cd927a24e535cfa47555ac35e7d6f369deb061c3d5f3aeae27cde3eee4ee75bc3bab799b6359892339b9154ab96ef25eb01a79d7f75f731d5b5dc3126ecfb50669e7fabcabdc59f7b5eb84ee4f653278f1732fa05c2ee18dd77f8130f0d7f45b9307b101218410420821841042ee0585dfbb08bf0977113754f030024f3335b99710f2e4f26909bf4dc1afc9bd05b2fb63ad20b6fe5c6bc5c52689f0dbf8708bdb7328b7d733d96f8ebb354612a25be3eb56aee4df665ed97a7b79ebcedf3c97c91b34f60ab7c661c27abbade7ce367d1452d66ded582de77eb9559dc639ee252caeadd6bd9a70af3c0fd4a435a8487b6ff1f2eedccbbeab766dda68f5bc1f7fcc6623b19165c5b7c4764208218410420821847c7a3cb8a2f384a082efaae87b9fdc12c21415789a896c26ee14f4745cacf1f05551f12ec262327a1a63e6d6febb8fc15be2e06de792bc3a066f1b879f12bf8a32d6a14dbe5b5acbfacf6423918c7d8abe8410420821841042c8af865fbdbaf399a34dbe5b5acfddf234137992305ebe8dbf4f861cdf14661bc2a90ab86b3d3c756bb22721d9d7dcba764fb2eff6b436dfc7e5bd3d3d18f72ee77ed1224db2a2bb7ad736f73f0c9fe458e541bd7d95bbd954d32a89a8b996bbe5d744082184104208218410f2abe0e1541d423e251eb548a6626933c9a7dbd2ea3ecdb79aee64ed71abf9ee96e4df7529e16e79351142082184104208218410f269b0aa4c114208218410420821841042087922a0f04b0821841042082184104208214f18147e092184104208218410420821e40983c22f2184104208218410420821846c6022ebce44e1971042082184104208218410429e3028fc124208218410420821841042c81306855f42082184104208218410420879c2a0f04b0821841042082184104208211b9aa8f1ba0a855f420821841042082184104208d9e0d846e98d10c701e228a6f04b0821841042082184104208211b193b0662bf022bacc089ebf050a1f04b0821841042082184104208211b1a2b42ca0ed0e2d6d11a2da22d5e80b5ffe0c9b8b17b5310598d376b5045fc7e89c488abdc5d377f90f36d54a238866d25c6ececeac4e2c2a2794f0821841042082184104208f9f449f4b9180e6a48a188bd4329ec1e69c7707f275ad2290abf0a85df0787c22f21841042082184104208219f1d411820edc668b516f1d2911e7ce3e9160cb79591f36ce452e9cd18ea21116e6f89b3b19a203183ca9896d97fe753f0d6d3ccf5f139092184104208218410420821e4d1a08ead9a5cc7451cf968cbdb78f6a9edd8d56f6324b7805e6f1eb9e0e6e6137e55f075e2c808bceb3d73ada82edb1e54caa5044c0821841042082184104208f9d5d1542255dfacd56a0882503ef97010c30a03b8b60da7b76ff80f926c9b8544ed4d8214586a8ac67b7917ebbe08b1a57a78b2753db1151bc3c62a1e6b160dfd10ab612338b24ffed38dfacf13878677d0e6251694568a01745b2e9785effb66877ed6ed841042082184104208218490478d6a97aad1c5702c1b0e0274a4cb08572690b223c0c9a312b7a318b46cc618bf6b3d736d68a80747854a156fc31096182cb26344b105c74e1ca26323082704727c20d9ad3812c3daf21a60353c4404dbcac801aec9fba4a1a26e14a98d2c6327d7718c6ddadadae07a1e2a95322ae5ca6df62284104208218410420821843c2a2213e6419d521db870c2120e0f56707c7707e6960af0c310edf93c325e6af379fcaa22be4a6c625d68e0077dfe5de4a6d1d6de85743605cf75100621c2483d7b573d58233dbee1111c592eb2e92c5af2ad48a73d3851887aa01eaf4e92f909225c23f836ede1a552c8cb40d240d27ebd8e742a6d0460cd1b47147f092184104208218410420879b468f48258955f44b1ea7521727615278feec3ee6d5b90b503c4f5654985cdeaf16b9bf81789a72e10c40e9c4c2bba0747b165cb30b228c3af94f1f6db6fa3eed74da0e426aaa8abb01b591eb29d3dd83234809e8e76784109372e9dc5f8f422d407f84945bd7e3dcf45ca4bc1766c238e97ca252308ebf66c3607dbb250a9568d184c082184104208218410420879b4a8460784702c1f3dd9225e3cd08fcfefc9a12fb502c7aec8f660333edc4d9a6cbc516de3ef1bc60e52f9366c1ddd8e6dc34308ca0523ee06924d8de3aef3de8de022f65ad1ddd78f6d23c3c8a672285722b35d8f0855717f8248065182e33ac86632c8e7f2f03c0fd56a55da5e31fb54ecf5fd00a562d17800a7529ef1085e8b0915b1e67c8410420821841042082184908743c3ad86a18f8ebc0b272ee2dd77dfc67b672ee2f4d502cedef0379ff0abd8eab1ab2264e420765218ddb10f5ddd7d589e1ac78df3a7510f13f9d68e6278ebbc7703b8f05a7b3038bc056954317ef31ae6e60a08221bfe13e6e9db146935b4838abe994cc688b92aec168b4523f42a8e9dd853d1d0181ae7370a23e3019c4ea7613762251342082184104208218410423e39269a816a76560c375cc6811dbd18ddb90b65bb17e767b378eb4666330abff62d2132b68054ca851d953171f322ae5fbf8a42b162b66b3e7df09b795d933c2b44d6aaa35e5ec6cd1bd730373b8772a84195f5897a81a4b50f8fdbd868906845e3f6aa97af8673a8562ba8d56a88a2dbdba91ebf9a1423fe562a260c840ac5147f0921841042082184104208f924a816d74c82ad510a1cd876063385342eceb8c8b68de2e0e1a378f9856378f1e4decdf770378decab6ed0ea9faa3a656c85f02bcb589c9f4614dac6a37768cb90d830c4dcf8a43942433f34b13568725846a5b48c95951554e598747b0f3adb5d940a9328154b72d2d598c01b95c483571f546721934ec3b26d542a65e3c9abf653745f922b79dfdca6c97854373ca75dcf35427128c736f3104208218410420821841042ee97448f4b506d4d75390b56e8a0863ca6172a40b900a7be082f5e86e5cf1837d64d46047de29d6d89b12c795f0f50585a96cd110249e6e16f77f5da6d2aea116ad50a4a2b0539240975a09ec15664c1891cd8f1ed3181372a4d6f5f2508438441704bf4d56484dd8600acacfface8e7c0f78de7af7a0b37599f8f1042082184104208218410726fd431b599126c38f217dbeae46a6161c9c72fce2fe34f5f9fc33ffafe04fee90fe737a3f09b8425681ac9b26338960d4bc55b2b36a11aee26fbaea5296236c31de8277d689c1daaa7eb2deb3f5158328814156dd563b719da617d6ae651f473d303b8f9991042082184104208218410f2301815d224cb386d460dedcd4168e730ed77e16cb11fef2f0ce19dd991cd29fc2a1a0039c136317d1b52a5aa961f699455e9d23682b123c675d4ad5a4e189b9386c9ee278ca6b7effd88b71478092184104208218410420879d424626f92044b9f3916216ca4d54806c9eb26147e1b86118c97ae79805b82eab6ae7e6e6e6b1aead631abc726e8f1fa6fb2bdf960b7c49bb879dceab6dbddb13716cdb8be4a2a95422e9fbb67ca66b38d9c8410420821841042082184904743a235aac0ab3a64bce673a0baa3c9b3ca26147e95a620aba911a7f723b87fad56bd87377e8cdfbbc5e05d1bb2210803f8fe47a4c037f90821841042082184104208218f8af552ae8dc85297d4bb4bbc9b54f84dc45c4bcc6252dcfc9cf0d1426f22181b555dd25a0fdea6919beaba9e7ba3a2718cd73e906dadf0abe26ead56835fafdf35d5eb147e092184104208218410420879f434f4c7a62eb9269a81c17cb6a1c16cd7edd92c2406b85feef47f4de2f8261270e35c625413e277bdb185a6386cf6134208218410420821841042c80373bba619590122bbaeefcc5637be5df1bc53a57cc251f7676db6aade774b6b0da8266bc6e56d8ab7e641709663f6056b3c62f518e35addc8a7debef61a81b809c55f4208218410420821841042c883b1568754ad32511cf55fa3663634478d6ca0e8766bffc1939b4a8a5461564316e8c3ca02b8e64165232323b06d570ca4c941ef60b7c9bb303507db8950ab2f617676162b2b2b7270062d9dbde8eeee32792cdb43b6a51ded390fe5e2124ad532c2304265711285d909d4e021b253266f93c75dfc5d1fe3379d4e8b9d3c13de210c12317bedc3de9af66ca2c7dbb24d5f1ddb4636974d62ffd6ebb7ceadfb0921841042082184104208211f4fd3d9342179a09bede4f1dc0baf6074a00faeadceaa49f807d51e8d06ba5985df30b610d91e5c378d23478ec86b0a6e6cc3b1243996241b41a03ec0014ac5295cba74090b4b0538e936f4f40e636c6c0c29c795f305626431a8adfebd31a25063068798bb791133372ea25c77105aae79b29eb256817f5cb99bf0eb3a0eea7eddb46fadc8ab68dba368ad5ff3ea3954f8cd643208c290c22f21841042082184104208219f80c4d337117823b4e3952fff39dc3cff01ca2b8bf0ede09607f0a6f5f8d538bc1a96c1913f1581d399e455698a9afaaadbac284610568da76b1444b01c0fb6e7c1f35288c2c0e4b5ec246f133d36a857257f5d8cac2124e4fcf6eafe8d28fc7a9e6bbc7695286a78fd8a6d6cc786e77af0833b1fe8d6b4a17a55d3e39710420821841042082184904f86d1368dac1bc1775af0f22b5fc3d937dfc0cac21c42f8668fa24ea89b54f87561594ec3fb56cc61a9a0191983a8581946211c75e3151c58e6b3be53c1368e03c46b445cc5d613353062b19c3b90d3aa30dac4d94042e7dd84df6c2663b6ab60abf6b0349eb1bcda6227ddafa26e93f5c7abb770a95ca6f04b08218410420821841042c82726f1f8ad59197cfe8b5fc5c577dfc4d2cc247cc48d67986d66e15789ed86199a3a7864045d157ee33832c2a6626262a8388c440846e3816df7c26e1ca7a12494a6a7efe3eee5bb96f5c2edc789b45ddd5d58985f687cfa6828fc1242082184104208218410f249b1518bb338f9ecf308ab93b874fe1d94aa11226411c61adda029016f22548035c908be4dd157b1614596ecd31010fa9037db24dd6e5bf2d9927d26e97b57b6ab107cb7941ca3b2a6a666791b89d5b626e951f2699c931042082184104208218490279924b6ef2afa398e02bcfde69bd8b577179e7be97348b7e461a93c890863c3439bcfe3973c7ad67afcaef716be17147f0921841042082184104208b93fd60abfcdf756e8c17172f06d1f4f3f731c4f1f3d825c3a0527f411d76b147ec92787c22f21841042082184104208219f1e4db1d7fc6bf9c9fbd0856da711d88e095f8bb80c27f2e1ea1df74164e21210f289d187da29cd500e1f970821841042082184104208210f4212623609370b448e83c84b21ebb9684fdbe87042f31afb312264e8f14b3e390ff270374208218410420821841042c8839178fc367d7803f90cd4620f878e1cc373870e216fc73877f60dbcf3fe7bf0d18a08297afc124208218410420821841042c8e38f8abf49c807c436f46ffb9631bcf1b39fe39ffde37f82fea1adb0d3198cecdc8e57befa150abf841042082184104208218410f23863df16b3219174fdd8c162b98a6abd8a282c6372620a9d5d833875ea1452299585092184104208218410420821843cd6ac177f63278bf9951a0e3dbd0fdb760ec34d653038bc0ddbb68dc0b6ea147e09218410420821841042082164236023ba953256809694bc6652d8ffd45174f5f461a07f004f1f3f8937df788b0f77239f1c3edc8d10420821841042082184904f93466c5ff390b7e493653988e3585ec3c4bb377200378d95c0c7d8f020855ff2c9a1f04b08218410420821841042c8a74984c86abc1554f88d6d07ad6d1d18ea698763c5f09c34c2d842d549e18593c719ea811042082184104208218410421e6712d1776da007175578183d7004db77efc3f6b1ed18191ec1962d5b303c3c8c4c26438f5ff2c9a1c72f21841042082184104208219f1e5123c44313fd54b153f8fa37bf85b36ffe0ccb5313f043c0578fdf28c6efffc5dfa3c72f2184104208218410420821846c0c54f24d7c7e1d2bc4954b67515d29c08a567d7b5ddbc6b9331f52f8258410420821841042082184908d4122e76ae88730f6303b5fc5de3d4fe3b9e32f60fb603f72561d2984387dea14855f42082184104208218410420879fc5129b721fc9ae462f79e63686b1d841da771fcd07e74642c6c1b19c4e1038729fc124208218410420821841042c8e38fcabd41f2162e1ccb427b6b0a17cebc8177defa1142d781d73188b9c0c5b6fd4728fc124208218410420821841042c8e38ec6f5b5119a77882585111666c7d1d39d81635730313b8774672f26964b70f36db0f61f3cb91af9979087a0abbb0b0bf30b8d4f84104208218410420821849047496425c11d1254027651b332f8e297bf8a5dc35d589e1d4736df6a04e172ad8ae5c5250abfe49343e19710420821841042082184904f8f44f835ef60c7aef1fdad5869f40c6e417bde831bf9b0c2106e1ca0c509303d374de1977c7228fc1242082184104208218410f2e9a1c2affaf91a1ac26f0d69c48e0727acc18d658b13218e43c4a10fcbb228fcde0f9195bcda77b554536d573667c8640abf84104208218410420821847c9a448015c18a81b811eaa16e65f0f2175ec1969e2ea4102294fd81a4d8b28df0cb87bb8909acd8851d7ab023314814238a1385378c3458f2ddd13cb1ecd63c61e437b626db9ba881092184104208218410420821e41313db882d75528d240508e5fde2f20a2a2bf378f367dfc34f7ff43dfce8073f40bd5ec7e5cb5736b3f0ab4d4f9a1f8536c2d841bd16c1763db88e63045ccbba9b7924af3af9c62e2c3b2579343972bc85baec088c10dc4c6bbd81092184104208218410420821e4c1d188042635e55cf5ecb52df40d0ce3fcd95398bc7905f333d398999ec1b7bffb5df4f6f66f66e137c148b39e053b9b46be6f047b9f7a1e474f3e83c34f1d8167db4621bf83d846647be8181cc3bea3cfe3c8895770e8e80bd8bef730ba7a06e0b99ec966d3e3971042082184104208218410f248481c599368bfb689e76bb911ea952aec405e1b3ae6f25209e95c7e730bbf2afa46968d8a1fa2a3a70f078e1c45bebd13762a03379d32795c3b315133beaf7af67ad9368c6ddf892d635b90cd668df7af97c9a26f600463a3dbd1d2d292e48dc2db423f104208218410420821841042c84313afcab92affce4e4ce0e091a348b576c04d6764b783a3478e20e7b99bf3e16e9631908dd09224c6d836b603434323b0421f172e9cc1d6dd6308fd1a4ebdf936a22080ed38e6383554800c3a7a7762efee415496afe3e285aba854223862d8fea1ad18eeefc4caf20cae5dbd864ab56a8e7bd23d7ff9703742082184104208218410423e3d34ae6fd331358af5016eead4ea1987d4674e3c8b63c78ec14dbb88e300c5f959fccffffa5f6e66e1d76d08bf164e1c3f814aa9846b17ce238a02ec3f790481efe3c337df861546e6216d1a43c31c9b6a43dfd683e8ef74307ff33d4c4dcd2308f55c2964f35dd8b16d089e1be2e2c58b2897cab779fc3ea90230855f42082184104208218410423e4d926789a9baa86a63289fad282def5c04b667846127f2e1a00e2faacb6bbc39433da8221e8b31d460ea123d337d1d17cebf07bf5e45c5af278192efa1d1c6510d95c238e6a7c7b1bc5241188b91ed50f644a8047504516462fcba8ecb300f84104208218410420821849047846de45cd52d2dcb866d79f0dc3c32291b393744c62a2267d5104986d8cd6d4ee1772d761ce1e6f5cb08823a42d5ca1b62adba4eaf378e51d3c31ae667c771fdc665ac942ab01c071a09c20454763cc0b11184017cdf472ce7268410420821841042082184904fc69d32ae0f0bbbf61fc05ffebddfc75fff2bff395e7ce62482d0075269a45bdb36b3f0aba26c609e7eb7caaa39d4e1d78901779dd36ea47f563d7995cf711c238c030472405b573fb2f956140a2bf00331bdb5e975754208218410420821841042c8236335d66fe846d8ba6b046ffffce7f8277ff78f313aba1df9ee6e8ceddf8f97befcb5cd2cfc3630211fd4c33731c53a9df70e925c724ce3b820b210c629b4b777a2bfbb433607585a5a4418844ffc43dd082184104208218410420821bf0a548b4cf448d525f59d7afc4e2d14b0505c422dace0f28d6b48e75b71e6cc8770dc4d1ae3f79691ee93b5f17e3526b01b87b01b9ec2faf43c37d783e1e14174e62dccce4c6079691961943c148e1042082184104208218410421e05fa103723015b40ec64b15489b0ebf07ef46feb43683918dbb60bc3fdddc83ae1e6f6f8d5c69b58be1fe7e62b34b3449198368ee53f475e53c86472181c1c444f471b96e727313f3b8d200c4d7c5f8df54b0821841042082184104208219f1c5533ddc6abbc0bebe8ce39c8b7b6e2e9675fc096b1516c191ac62b2f7f1e6fbff126acfd074fde87ecf924d2d4bc8d462e29315c3d8a70fc732711d77d9c7be36d208ce03bd6aaf01bd78d3b751c67e1792d18de3284eec15e5497173075ed2a968a45c99378fa6aa887e6c3e2942735f44357771716e6171a9f0821841042082184104208218f16d52f5df95785df00b00204817c7252886d0bfa1c332b0e50afd7904aa5e15ade2df593dc27b6e58ad152703d177d03fde8eded46b5b880891bd7512c96cc43e1d6a2626f33114208218410420821841042c88393c8b8267a41f20eb05268efea435b2e833442d89e876dbbf760c78e6d686bcd50f87d50d49bd7b653e8e9ee435f7f176ad5154c5dbb82e5c54531af85b8111098422f2184104208218410420821e49162a9e76f82efa471e0a96731363c80ac1560fbf6ed78eaf809ecdbbf1b870eecda7cc2af0980dc488165237432c8750ea0a56b08ad5d7de8eaee8783345c27976cebe943675b2b52ae8d280e1023856ceb100686c6e0a6522857ebb0bd56b4770f4aea477b4f0fda3b3b8c47b043f1971042082184104208218410f20850c937505dd3bc578f5f0b816361727e054e268fa7f7edc1e9377e816fffd9f7d1bf65179cdebee13f30476e12622b89b91bc1826fb9b05279ecd87510dd3d03e8eeea41776737b2a9341c3783747b0f7aba7bd091b351ab5450a956c5a039b4b68f6270b85ff28448a55bd0d2d18faeee5e7474f5a2b3bb13ad1dad084a1544951ac25bd1819f5cb2b92c2a621f4208218410420821841042c8a347830c44566c344dfd4fc5dfbaed22d7d189ceae4e6c1fdd8e4cbd888befbf8bbad7869dfb9edaacc2af0d2b4e9c9d2d8448a76cd42b4554cb2ba8560a28ad2ca250584045ded74a05548b2b585929c2f77d5862d030d6e0c9255456e65192638ad51554cacbe6d8aa9ea7544261a5807ae09b4e78d2a1f04b08218410420821841042c8a7479ce8bdface24cbfc45a8ac2c63a0bb1329797ff6f487582e96816c56b244b0f61f3cf9e4bba4de818abe9a2244711db6d58c78e1ca6735872f29826d2702b115592670722c06f3c5b08158d9756d39438450b6c5b27335b0b28328724c175876d21dbaef49a6abbb0b0bf30b8d4f8410420821841042082184904f83c6e3c50c7114c35127572b42f2e2409d506337428860f309bfc6380d6f5f130c390acc5b3193fc9b6c57b5dc6e848468da52c5db280a11c63142c7826739669fe6d278c1268fa4c493d846283b75abf9f4845b98c22f21841042082184104208219f0e6bc5de44854cfef5e1208c2decd83a8ab1e121788e03dbb1b0b0308d33673e6c289d9b0d156a1b62adba49abe8abdeb99695245b5f63d724956e137157ded90e1cd78523af094df3d9b055f06d0aca829e5d8f494a2184104208218410420821849087431fe9764b67b4e4bde523b01d0c6edb859d7b0fa3ea03435bc760bb0efa3abb7064ff814d2afcdea2612e2b6cbceaf3f09a82709424f329f1ec552fde5bcebb46380e1243cbbba6f2aefb35a96157c33f104208218410420821841042c8c361b446ac6a971a6e56dfefddb91b4b93d338fbe6bba82ccfe2fcf90ff0fa99b318dab509855f23c636d2ed88e1d66d331ebb46d06d98d6d2a49f13c938b642796d88c66b68e6a1e84b0821841042082184104208f924acd5338df86b5e93e421c6d2e414bc208417d761d93e0a7e00645ba84d3e3c6a3a0df9e0d1888410420821841042082184905f09468b3461675d144b650c6ded87938b50b5d238feec17f19bafbc88533ffbeee67bb8db7aa23869bec6f5250f071fee4608218410420821841042c8a74933c44382461ca8208b8eb66eb4382514976691e9da824cbe056df1126e5ebd42e197c2ef2787c22f21841042082184104208219f26770abfa1ed210c6278710d29c7450d0e2ccb421a3e827a95510a082184104208218410420821e4f14665dcb50970221f5658319fc3d842d6738130403db6e13b0c4f4b0821841042082184104208211b0e3bb6e139297d8310016a7ed56c8fa318365c0abf841042082184104208218410b2b148645d0d5f6b59b6498a65cb67490a855f420821841042082184104208d960689cdfc068bcb63afdde8e1552f8258410420821841042082184908d8dcabcab52af7a0053f8258410420821841042082184900dc84789bb147e0921841042082184104208216403a1a11dd6a63bb7d1e3971042082184104208218410429e3828fc124208218410420821841042c81306855f42082184104208218410420879c2a0f04b0821841042082184104208214f18147e092184104208218410420821e40983c2ef0312596b53d448abdbc82a511cdf961e1e1da62e10a792a4ef759b15c86bd4d8df1ccaf259b7af4d268fa60763b57f93f4b0e7f9d5b3beae77b1cfafa81df73f37d6d6f95ee971a269d37ba58dc6a3b1b776b3a6fbeff7c799bbd944d3a324127b25a979fedbd79c8761f55ccd73af3dff6a7a32896269ada4e47d8c300acd7be56edf45cd6d77db47082184104208211b9d8da8503c02d68b348919f4527143eb144f1cda2f6b05df6c92cc7bdd2717f4461c91f7b18ac19a145f52ad91e4bda59f3f090da1e4a18598cf805b756dda46ed25c9d8625508f955b081ac463e96c638ba2d25e8da69c749529e987ed7b9a4f3e613af2377a23673c55e9a9c47ac3936fb43cfadaf7afe27f5fb2d116d8d3565bdb3114716a2c891cf36c22086655926d9929af9f533855e420821841042c893ceea55fba662bd24a19fe562d1a48fa379acbede3de9a5e5ddd266432fb2d7a60721f1168cc49a11025b927c0eacd0a43bbc08e5427f157def495a2376c231f677a40ef7538bb51e7781e5a36e37d2ddca7e2c9136af157b0dd29eb86e5ec5923220ef1cb78f86dbcfa97fbef49ffe39b126cd730fb44e6b927a29da51042fb2e5387b53cea15f296bed7f6bec34c74f82a5e2e1da247dd424d65e96639bf376637bfbae41d797d893f64a321bb4cd6bd327c15e3d939edcd8fe519c579173cb399be7d6f451d36fa322abc4adef6e63355b055f59efe5c5b36db86b86b0e3784849d2ef02c472941cf430df4f84104208218410b251b8fdaa7e53f1492eb09bc7a9e7a4a64f722ef25124c2858abf01022b49ab764e2ef013b1a4898a34eaf5a5e2afa6248ff17c0b930bfdfba129fa8652ae2fa9e6e8abd66423a0d35a85dfc4fbed9698646cd7b45fe2f5ab72c7a3963c9ae76c9e3711ed8194f6c147dabf399f92a47d95f532c8da9ef4a4239f6d58b789fc8f135aaf66521ed77ade8d665dd77983dffaf1e01edc36ef12b47b43e9eb5b82a3d9bad1511bb888230771acf3684dfa8424f6b24dfac8a9f1c034c550b7716e69c3132c6eaaf7aeb639942ec9e5f2d8b673079e7efa69799f81ad42b07a04076205594bb66c19c591c34f61706000a994d7f0167eb4d62784104208218490c705a7b76ff80f1aef371dc6034aaef78cf78fca54917cd0db45cddbe456d0f56816cd93ecd3a4e248438094cf2a0c587a0e93af7941baf1587b2becda36e8676d9a6e4b62275a72719d43a55231fb95b5791e96468846b1a50a7e19389a10c87b15a754bc0ca564cda4b6576146df6bd2f7ba2de917277691923fe3f31b6997c89fdd38f93d882d69b3fc39710a5de961ececdf8efe6c1671b58a508b36e53ccea8f51b829dd5145255b40ee17829f8818c51698269a7be51d74dd3a64fde2e9901f2af0a6231d4cc3a172ca98b275570e5d58c9bbb1623c7994ab90824433ad583febe1dd8b77537a27280aad85e3d4a43fb938b6d9f9c4480b623174ee4c10d3348c569a4c2145c19af8e5943649c3d0261f057838ef72439968c9b469f99f965daa07ddac08c99e678d17996821765d091eec2b6c11de86d6f954302d46a1a6645ce200be646f3a634df0b26e9faa7adb7655dcf497352b276d4e5b32627d9ae2632b6b87f12cf5b157b1db38a858ecc49791f45be983732f6527d59bf9c2ced8f0724d2e3b56ef23e90f118399e7495d45793f685d9ffa0b57efc68f693f680be0fa4c1bdfdfd387cf429bcf8dc49ecdfbf1ba74e7d804a6945ac619bbe4ca5d3d8b5773f3ef7f2cbe8edeb93b52690fd25f8beae2fcdb1da1cdf84104208218410b2f1d9d4c2afb968d46b3c7359a8228505c7960b71235ce9f5f19d177fa15c91eb45b52d17ea8950a55e607ab45ca0cb473d53724ef9f83102e3e34c649487a4feb62dad92a4f6d0646e8dd5cfda6a794da7d246986b62f2acc9df4c0f82f68db90d576cdb99db8a3d63fbd0d79146b1302d17f82afeaa28b25ef4556c64326de8eb1bc1c8d01846fab660fbe056f477f7c1751dd4031ff5c8a8b7f7440551c50bf338b1f38b78e5f00bd8daea626561160be56a229e6c08b49ea1bc487ba54d611c4b5fe5613b8ef46f5db6e9586e8844da47b76cf8f098b3c9699afd6f4b47a64207aad7eaf963f53ed43964b495b5e5990d925c393e8da1817d3872e0651cdcba1395d9052c2ccd494b0244465035077c86e8cf082ef2a9760cf58e625bdf366ced1b93d7310cf40ea0aba303515847a95e6ae47f9c4984dd246483f49ded9a5e48e6acae77ba55e7da3aa39bcf0e9c28072f6ac5c1d1a7f0b943cf6174b01795e23c9696961a674cceb591688eaf66fda3d84567e71876ef3e849636606e614a1aa5764a323ee8bcd1f9a64265286b5bec66d1d13f84746b3beae5157832be232db8c1c308bf5a7f157fd5d3d772b21819db856d3b76a15caba2522d239602b4c60f56ebc70fd34f624323fa8acd068606f1d2e7bf8083870f6065691e674ebf8fab972fc1afd7c48eeaf9aca3dc95ef8f088eeb61786404a35b4764ae46585c984718e80f644d36ba75082184104208212461d309bf4d2f21bdf84e2eee34699c45075e4b1e7d43c3686fcfa3259f47b158d443d6e1209fefc2c0c080e4eb92d46d524787beef44477b9bd14482c0476cd4ad8d4952f7188e6dcb45b2834c2603d773e5b303d7754df23ccfbc3a1a4c51686e6feed3ed665fc36bd0dc26bdee825a432a343d6cd7d2fc642185ad7dfbf1dcd32fa1b7dbc1d52b1fc28f54b46c7a5a37841123d65a886d17ad6d9dd8bd6b0ff6ecda875dfddbb0b76f17b60d8ec291ebfa998519946a2529f3f6f2d6a27551595bbd39f7ee3e848e9e162cad8ce3cac4352c57eb1f79ec67c16a6d1a5295f1f2d5db976b5257153d74bb83c877603b2dd836bc13c33d83082b2182ba8a40c90f1f9f147306f578755cd47c157ef3d8bdf5000ef68e02b510c5a00e5fc780645481f8763beafb24e978ebedd98ae1feedf09c00d3f33730bd340b395ac6cbdd85dfe6d18f9af5deebeae9ebc46974a4bb7168e7513cbdef18768eecc4c8e01086654de8efef45369fc1dcf21c165616cc318f33c6a35ec6b917e5910e3bb16fdb116cef1d835fa9220a2a8823b1b9f459f2235632c712f455c78d0af516b68d0ea3afbf0355bf801b93d73157282090fcea1d9cf459d2dfda77cd333cae24e34b7f14d1facb673b8dc1d1e3f8fc577e034ea68a3367df31f3c56aaeef9a47da777f027012d641bf6faab18b4c6b270e3ff32286b76dc7cccd6b888de7a9a0051b7b25b6bbbf7337d6593dc6bc935aa65a70f0e8f33870e430262627b0b438a7835af6e839d7d3583f1ac9780e9bb625e9de35b8fdb8d59cc9f640cea3dfbbbaf9d61e79737fe7be17ba6ec50d5bda6891efee2f7fe98bd8b3733bce9efe00afffec55bcffdefba8fbfa3d2c6797ef2d15d1a330446159c6e8f84dd4648cf7f60d6278eb88f9e1726e7ed688c0090f5e2342082184104208791cd974c2af5e039acb51b918d54b3b1333d472916bebc4905c7cf70f0fa3a3358f7c3e87a9c94923fcdce6b126795b5aba3034b8c508bdf9960ef9dc816cbe05ed1d9de8ea684350afa2542a2330a110362adae618b65c2c3705dc38920bed48bd35f5e25ef6aa28262908825b02593335d1ed6af1380e25e9163d6f537497f3d949c886a437d68af1c95934dcc2b6fea731d4b515d5952bb876f5146a5120fd674bdfe9c396548291bc72880a4c2a7086b18bb01663697105958912daca5974645ab03035856b93d750423529a2818e81661d923f47ceaae77750a903b38bd3189f398fc979f536d6f1a27984e43e70f3f957c51d42a42413b7d87c9437964a4abac1974d81e4f393d6881da3300d19bd3871f8191c1add8de25c11a572550e89a4ad7ab49cc49c578fbf7ff4087d689b7ac146c6960efc20855476182f1f7d1927fbb763717a0e374a0b881db59d94270719c95e8b6c1c63cea302a38ac3727cb5146072e60a26176ea2505d811f4bbfabf9f538637b3d4ec6a7fcebc9c45621ce084c1f836669a68fa3698924bc81dee0ef222336dc31bc07cfec7b1e56cdc695331730393e8e898971dc9cb889eb32c6a6e6a750f1659ce982a375d3f164cea1ad6e9eb5898e35c923fbefa74e6bb9df76dc49a34c0d551165e185ede8cbeec4cb4fbf8cd1ae212ccd4dca1a36636e85d77965a9702647694b92fed2a4234dfeac0075bf84e5e5598c4f5dc7f8f404cabe2f2350f6994e6e92d4f4e1eafbe9b15e84942d26a9802a8d456065d0da7b14bb0f9dc4c2d2457cf0fe6b489b3b1e929cba462a4d61bb99cca9ee4066a5867890ef919adabeb51b078e3f8bd68e6e5c3e7b0a95e54599038dac6bb8dbb96fadb9326792edda179a5b456b95766d292b872d3b0fc977533bae5cbd84a58505d8e68e076ddbeaf9d61eaf49fe93d7c40fdc7c47ca16fd6bec31366b7e4ad65fc929c7276271336732ce03a99f8677d16de63b43f799732763508f5badc34725ed9335e79675c297f918cbd87ce6d8519c947443daf893ef7f1f931313a6737499502f76f35d2c075ab286e86bec47985f58923eb0b06d6c075adadb303d35834261d1d4cd6422841042082184900d8e5ebb6d4ae1d75cd2e915ad5c343a7201ded5dd87b1d16d686f6bc3eccc04b2f92cc2c0c7f4e4241086b0e422bf895eb46a2cc65279192bcb4b58585ac0f4e21cea7e804c3a8338ac617e661ac552b121fcca85aab990dc58342fce35d98e8a1c16eaf53a7cf5a08a22314b785b524faab5a9b95df3da72e15fafd79095abff9e386b340295b89207a8694764c5ce2de8420a9d3539771c2370541870e442ddc39ead07d1237d73f1da3bb870f582d4a71d5190861767a4078dcc28e790f2e4ace69c7e0d2b85792ccd4ca2b4544767fb767475ba98baf62eae2dde44d9969c8d2e495e927fd5332c8e52f29a8267a590777348add8a8ce2e606eee9a8c032d45f3aab8a107e8516a1bad852bf5d178af6949727ce0c19619a60f334bac270758e68087c6083d515ac6585edadc2e25b621ae4bfff8361c292bed7aea6a6ebcb2b58246a08b73925aa42edd48453d68b7faf0c2c1e7d0268db970fa34425f7a228a9132ded8627733d4937a5a62072b163b4b996ee44919aed8dd913669d4e43472561a59b599f697f4b5e74859b22794bc59bb03bdde084eee791aa930c607673e40b15e16bb42eca40f6e538ba8089408546a2515a753a18b8cd82f2afb5859984161710ad5ca8a8c858658a5c718db4bdb2c478e51595b63eda661871e3c39d60eb58eda23d206c9ab47e921cdb496f59fd7d3ec31d5a31db1514ac64736eec6894327d19677f1cea95fe0bd0b6fe1c6c2158ccbd8bab17805d32bd7510a03f8629f9c8c899640ed28f3c296bacb0923131e2685d65c0f3ad58ee616f318d56a04d7e9105bb7181ba4d5e6d23a8d53ad02ad27edca44b67964a18e450d9fb1fab042b187cc2f57f2ba620b4bca547b189bc831aed8cbd3f96cec2e7f325e1cf5ce96bca9388f7cdc83befc0e1cdcb91fb5e2342e5db800bf2285487fa7c4922aaf6b4f69bd23695336ca221f64a44e9ad2080b3514659e2c15e650a957645ecb5c91243352ea2663ccf495d6d7465acacd4afb2c390e765eea22ed927a498da5ee92fb9680293d28e5e99cd272a465da4aa973369967be9c47f3d47db8d241fa85f6306859819cc79776f932ef7d1dc38ecc33b17455ec538bdb901bdc8fc15dbb50583e8bd3d2e769556765dee8c3d3222b23c7e75197e3eb8e2773486ce4c839e4bb259073e920b465e5d0faa910a965053236aa90f9226360cb9e3d8833295c3cf52e7cf9de88651e9b902866f0367f0c48445899394638aee9aa27af5a962d36d4f3d5d53eb12f234ac3d1683e1735bb0dc33b8fa2bdaf0f97ae5fc7c2fcbca94428f6aae9c3ea9091f55a7a57d726b3164b9152515bec90d45fdaa4af765a92b4d19124fbea92578f4eebb9b46d323762cb333fba695d6a7646f2c8ab9533f5d2366bb805630041c5f2661b754b24fb2229436d5f97a46d8cb40d529748c6bd0c5c9392d1aba3408ed155416c9f6febc4575e79099df2bdfdbdef7e1737c7c7655d0bc42e9249ce61bb3adf740c26479a1f33a5aebe7c3faf948bc8b67760cbf6bd282fcd6379e2aaac5f3afef46042082184104208d9b834af91adfd074f2657629b0a1b91b9b8f5e4e2d0c3c183874d688289c99b985d9ac181e38711566b38f3e6db88fc502ec4f576d206e6e258920a9ab12317b7729e6c0bc6b66c47677b1716a7ae626eea26aa75bd2d3d394455a355816663a00f6ed35b63f5366e2f9582eb38e6814d91b4fb4150c1c77155d42a6257c7209e1b39802b8b8b7877fc0a2a4e1555a706f8dd687587f1d2500f469c003f99b8802b7e41acac82661e7feeb9dfc248ef207efedebf45a13a8fb16d4711072eeae512e667af6362e6026a768015b177d3e69e543323a92b7310cf1cfa1d1c1af171e697ff023fbb7111d39e7686b62d0951a19a4222fa3ad8b7f718d2a916e4522e3a9d1c3aab2da8d796f1eef59f60ba3c83b2d82310bb683976acc2940a96fa03420a1df94e8cf48fa2bbad1d695bec1514b05898c1b5899b58a9afa06685081be2ca83623ca7a59c28cc21e5f662a8672b067b87d1960752760db5fa324a2bf3989a9dc072690995a06ae25e5ac863ffbe67d0d5368a4cd8811ea71d7bb70c220ec771f9e639d41d0ba15d95b6afe0bcd8f29d6b974c79a6dfa22cec2887ee960e6ced1f444b7b0b4a95326626a7a4bd16b60df7a15e5dc6db973e40390c8c287de8f0336869eb41366a439fbd057b8647610533b878f343d452250476054158c6b5a9719cbf76051a0e40edd9dd35886d5b77a32fd38a8cf42da28a9836947c377165e22a4a4159f245460c520b8ad58d3d8c2c19a73036bc0dfd5dbd68c964118635142bf39898bd81c9f9c94619daaac4f6b7e6e53d48a66aa39f4c665b6c2c630a21d433b6d3d985dffcc63750f3a7f0673ffd36a68a7388a4ae75f5489631adf6f4a30e29b30b2787b6635fd7003e9cfc1097e7aea22a9d12ca9a13cbb81eed1fc3b1be2e5416a7f1da950fb1a2c29d378cb4b4e70b478e481f9571fefa39e4dadbd0d13380ac2c2276a58489851b185f9c903e963546ea144b5f85b216b9510a4eeca1abbd0f23036368696d85465a89c476d333377073f23aaa6105ea0b1eca78776c17470f9c446f7e8bf4d7203add1dd83a9893b1741a13d3e3a847aed4b58c4abc84cb13977079ea1a6a52b7c0ce6167e7100e0ced8223f6d679ea0575b832074f4fbc87cb33175191f5a3660589a7a711d1742ebb322f52e872f318eb1c44ae7b087e6b97acb505f8b2eece4a1d0b2b7328892d2bb20ec0fc6821e377cb1e6ce91cc0d5c98ba8c6150cf48ca135d38694d8bbb030812bd74fa314975170f4d67fd36b0f8476b10a9495d0839b6dc596ad631819ee47c6735028d470f1c632e2be8378e56baf60f9eaff8c6fffabff375ae420db9735436c01b7532661178647c7d039d08574da93bafb282e14307e630aa5f91b484545f38396ae9fc3dbf661686c3fc25c3fa24c37dab7f7c34945a89c7d17a9d2a2464b11a3c9f8ab95f1931f7c57deaae02e635fc56847c6482a87e1b16de8e8eb47cecb8b5d3dccc99a7ae3e64d84f3325eea53a8d81969532b56ec21bcf0f5dfc7ee833bf183efff2fa8cc5cc78ea16ee465e1a8d7039466aab872f643b1f3bca48ad82292b555c7465eca4ac392f938b075149d7d8370d32dd2060f0b4b1352d66958331368f72b906f05f83a1dad8c8c99942cbcad18dd7500ed3dbdc8e45a4c5b824a11d5c5195c39f701aa8545a45de7d63a9af48107afa513c3fa3d2a633d9391af85da0a96a7654dbb368972690696ac1dbad6ea8f187a3783ced392ac6fbbf71fc2effffa17b1343b8e7ffa4ffe192ab246e90f51fa9d15dbcd1f9612cc6c96e3f50705fd7131706cec7fea245efaf2af61eef46b78e77b7f82e962556c974e0e20841042082184900d4ae268b9093d7e1515228c37ab0a297684f6f60cc6276e606161d9c4041cdc3a2217bf01e62626a1e10d54b8d58b4cbd4835b7a6ca85a4b998b45db960cfa37f702b7abbe4227b6102d313e3a8572ab2cf369eb289e75a72c1b991687a4869d2300ffab02ee3c1ab02e403a0b676f4f67e2bc0b6de61bc78e03856fc3a2e4d8d23b00349bed8ba0dbddddbf1dcee5d1868c9e0fcdc3866350e6f9c8613657062dbb318caf519f160f7f6ddd83ab00b235d6318ebde8dc1965e64021fcb8b8bd23f7a3b6f8c48bac695b2d54bb333338c6dc387d092aa607cfc7ddc282ca1e66a7d540c9057ed5e151224a907e4b1a32731d83788c1fe610c770d62aca30fd98c8589a5eb985f999732742ca8f79d1ea31e997964ad16a9cb4e9cd8731247b61dc4d69e2d18ea1cc096de110c740c4ad93954564a28faa587167ee3d835c26a7bba07bb870ee2c4fe233830b61d5ded9d68cbb5a32f3f801eb1514f5b0f8a8b4ba8544a52c7488ef370e2e9e730dc378adeb65e0cb4f723e5483f462b68ed90ba7775a1a3b31dadad592c950ab83a3b694411276e4136eec48e9e3d38b9ef380e8dedc5b0b467b87f0bfa7283e8cdf461dfc816b862fbcbe397e18b21abe5102f3cfb1286fa86d0d7d687a1b611a4d55e5111ad9d3929ab0d9d9d5d68c9e7505829627a7a5aea670235a0bf67047b761dc448ef187a5a7bd0dfd52f36ecc5d2f21c66e7a7e187bed84e3df1d4feeaf999453acaa3d3ebc589bd274cdad1bf0d835d4318e91ec470f730ba735d88eb11ca85a21c134839ea11ae0255c3a81f49e269a9deb3e96010cfecf90a0e8d1cc3dedec3d8dbb70fa3dd5bd01267d0eef5607bdf7eec1b3a80dd7ddbd0e6e6509531668539b86e078eef388063dbf6637a71d224e34d687b4098115b8ee1f97d0760cb5a73e6fa25444e56c653273ab2bdf8eac9cf890dbbd4c51307f61cc696c11d52ce366c691f4147be1561ad8aa2942356917aaa176e062d763b0e6c3988e3079ec19ed1dd18103bf4cb38dcd6bf55ecd20f37b450585a461468688f189e93c6b34f3f8f41b1556fbb24e92fd7aecbbab828fd95476b772ff25d7978791b738505cc2ecc9afe82e56154c6c19e1dfbd02daf9ded3dd8dad52bfdd589a9b91b26348aafc29c4e2e5d6b9d94b1a317b66224bf4d6c791c4f8dedc1c8c0287aa4ecd1ae516ce918155ba661958b28564ba8c818b5e2acd4b113c7761dc7e1d1a7cc5c1d1d1ec5ee91dd1893f1bca56b44d22032b28e2c2ccca02c653e8cf0abe3a164b721c80f61f753cfe1c0f1e7b165db0e74cb3ad0d9bb05adbd5bb110b4604063c116cee3f2876f202d23d00f654ea6fb9191b5ebf0f3dfc0d88123e81b1d455bff10da0746d03d388a7cc7004ae502568a736644f94188ad3bf660dfe163e8933e6de919849dcb481d220c77b44b3f74a0a377101ddd3d68696bc1db6fbf2d3674505557fc5487d4650c879f7b0563fb9ec6c0e876a9e356f448ea1c1a4356ca0a6a8ba8952611441a4e22858ad586919d4fa3a34fe652a98a1d633bb063fb4ef40c6fc7c0c84e397e1b322dadb8397e01615c97f911c9b12e22af13ad7d3b70e0b92f62fbbe23d2f61dd2ae1174f68fa26b6818e98e4e442559cf56e6a4aff5bbd131e27994edc15e1953fb8fbd8011e9e3cebe61b477f7a157be2307b68c22db266344e67d55be67b55dfab0b5c86991b24671e0d8cbd87df838fa4777a05d6cd03bb4053dd2ae7c6b1f4a15699724f50e57f1d7f83f6ba80769e39e0387b07bdb165cb970061f7e781a8e2beb43e33b3e99ebab8342dfc9aa2fffaa7d003f8a906bebc01629331b95307bed82d8a922fbf41b8410420821841042361ec9750f9acae566147e5578b31b1ead620cb9d02d9597b0a2628db95515181a1dbaabf0ab179126b66ce3c2d14da5d1d33b803eb9202e1566303375c93c142989d7995c74aaa7a61150b5e80dc4a3137e01cf938b683bc250be0b878676e1c6fc3c2ecc4c22b47d23fe5a510706fbf6e0d0603f82c5199c9eba86c5501f2aa5de9c2d786ee733e8f1da1087555cbe7001572e4d60e2ca1c72e8c18efeade84c03e337afa01495113a2a06a8c422035ceada9d1fc18ec1a7a40d8bb836710a53c525d4dd44f4d564c958d064bcc0e45db150c4f4e41ca626e7317b630a8746b7a35c5ec47b57de43a15696d1a3376d3784df280327ca61b8730c27f73e6304c7c589395c38731e572e5e4365a586bece010cf6f4607e7e16b3a539d42d0d59f0e04491272985ad3d3bf1ccbe13e8c864317de5124e9f3a8533e72e60797a45ea318c91c1414c8edfc082f14255b1338d72a18ef1eb5398b83a8e9c2d63b653859ed3f8e5bbbfc4b9ebd771e9ca655cbd7201d7a6c7b1e497a58fd332865b31dab50dcfee7b0e83ed7d58189fc6d9336771e5ca35b17b0786db46d0d79ac1d4cd4bb83137812a0264b26d282c9730717d1c53d7a690b3dad0d5de8aeb37cee1cdf75ec7f9eb5770f1ca455cb97611d35353a855cbd232c7784b876296d999226e4a1d27aecda2d54b99365ebe721ef30b33c66e1a6b36947e5231db0eb348c9d878f6e0b338b2e329c4e510174e9dc5a57397303d3e23c7b7617860c808cf93eabd1a548da8d51cbd49ef27737a2daba35bc750042fce211b8ee08bcffc16b6f7eec2a8f4f548fb005add0c328ed8b27d087deda318ee18123bf5a256296072e22a02153ab33d32dec7d09f6e95b69fc6f4f2b4d4410a94f66a68935da3fbb1bbaf17d337afe2c6c2b4b9251e5627b6f68ee1888c3b47c66f10d471edca4d5cbe3881c27401dde96e0c747703d24f133287aa963e0c2c2373258f3d837bf1ccde93e8ccb561fcea0d9c3d7d01d7af5c076a11b6aa68d7d9216bd4941156b51a2abc15a5bfc6af4e6166621119bb0df99cd8f1f26b78eb83b7a5ce3770eeda395cba7911e3333751f52b72907a59bb08e49c33d3f3d29fe3329666d1277ddf964ae1d4c5f731579c31bf2c36857abdb3c2431eed4e373eb7ff0bd82b6b805f58c6d90fe5dc176fa0385745576610235d1d70ea623f590356ac9ab42b87d696211c1ade8ffe4cbfccb818b3d333b87ae19a8ce52964a3bcf971a0af2b85abd7cf6341eaa79ea70f8a8e81a2dd85ae1d4771e0f873c8b5f7e0cc995378fb8db770e1d20d20dd81d6c13d68eb6c437de90c2e7ff89a117e4399ff516e00fb8ebd8ced079e91fe2de0176fbe8ef73f3c8dab13d3b053ad181adb09cf8db02473a452a9c898b251aac7189f98c75969fbb59bd3c877cbda66c778f307dfc799f7dfc3b92b57654e9fc5c58b178d50af22bd7ada3ad96e1c78fa45ec3c700cb34b05bcf6e69bf8e0d439b1ff1cec6c0706c676491f565198bd8262457f1248a386768cee4e845f5bd6f185d9697c78ea0c3e9079b2540a3030bc0bfd0303989dbd8c827c87a93f7da03ffce406b1fff80b18dd7b18d30b5ad65b785fcaba26eba29bcb4b593b908f6b28cf5c45a95697b25c54ec56f46cdd87c3275e84dbd289d7c57eefbfff013e3c2dc7dd9c407b772fc6c6b6a126ebe8f51bd7651ce977a4aca1b91eec39740263fb0e63be50c1dbef7d80f74f9f36774a64731d18d9ba4b6c5dc2e2dc7519773a6fcd08343fec55ed0cf61e388c6d433db87cfe34ae5fbf69beb3930789ca6c96f1a75fe13aaf9bdfc3c9bf1a4a425f6c645ba58cd16d6895efa3e9abe7305758a1f04b082184104208d9b0a863a36a78aa7f9acb9ecd27fc26d28e3e6c4cd18bc15abd221787a11128f472716874f89ec2af1eaf9ff456f874a6dd3ce4adb3b5558ceac885750a512d805f57d1428f53a9c21c62d0b2360aeb855fe541c33c287abced692cca10232d3d38d4b515e7c66fe0c2b20a93c903c8ecb80fa323c7b1b7af0df3d7cee1c2fc0496225fead0869ef6613cbd6b17e270113ffbe0db383df1012e2d5c4351faab544f61effedd08fd599cbdf6210a611975276ec407d6c26d0cb7efc2c1c12372317f05a76ebc8d4250432817fbc933e1b57dda391a2b525e25bf5f0e502ad631b1b8828c93c1b1ed5b5028cee1b5f3a7a1b25712d9526f5196fe0e5d64536dd8bd7d3bc6b68ee0eaf859bcf9e1cf7075f61226572631be3409a72d8d6c5f0b260b33985a9a453d56ffb8c6807800a2c885e7b463d7e836ecde32826bd7dec1db6fff3b39ef552c86735829cd62b13889c5ca14669726b05c5f569f4b44d2772be52a165756502814b17d742bbabb53f8f0d2ab3875f55d4cc971d3c569cc491b57ea6584b68a4c6978996e1cd8be07bb068670f1fa29bc7de6e7b8b87001e3a571542a3e46c776a2afdbc3f90b6fe2e6ca34aa76247675b15c2c483d96b022e56d1fdb8ece8e14ce5c7e1d1f5e7d0713e549cc16a7a4ac7914838a8c09150655460fe5730d73d50296a48ed5c0c7d8e020dad2699cd7d01cc559f8ea89a8b1991b1ec25698c2404f1f9e3b7e1c35bf809ffcf2cf7061fc34265626c426d358a817d139d20ddf0e706dfa060ab56559ed927191cce344e8d731605c49ef20f95140f787560db32b1771e1c61b382fb670d219b8ad0ece5e7f133f7aeffb7873fc5dbc73f36dbc3bfe012ece9dc77cb0889a9d45b6ad0f7b47c690094219f3e7a47d0bd20657ca4f4b3b7238b0fb1046da5a7045c6d6b88c8f40d69018ade6878203db06a44f27f1fa87afe2c2d4554c14e6b15828c1b5331818e844b53287abd357b16c42084859b97e1cdf75c878debe77e64dbc7bf14d5c5fba8e49e9dbe9c519b4f6754a7dd298989bc0dcca8cd83390311fa0505ac1b29cb75aae63dbe86e78b9baf4d78f70eee659cc9416315b9ac27c6556faa4627e50d1101bfa834abd56c3527945fab3884a1061efd63164c594ef5f7d1f0ba69d4de1d74118ea8f24296ceddb8a93fb0e4b3ba6f0d3f7be83f3d397c5ae52c67211713a8b91a12e8485595c9abf8179ab2a7d25edca77e1a07aa67a697c70e51dbc77ed3d13ea6256da5028fa18deb2152d6d114e5dfac0dc2590c4a87e3012e1b70ddb0f3f83dd3bb6e2c685f771ee8d1f61e9fa3914e666b030bf84c1d1bd326f5a112c9dc6d553af232b36485b3a275df4b5b7a2b2348d8beffc147352bff2fc244af373082b55f4770f60a03d8da5d9eb589673a5d52bb95a46a9b084c58565f87e80b1edc3c87b314effe43b288c5fc18aac131adfbabcb4002f0ecc0f001919bb692792b2b22674c4f9777f8eb92b67505d984569761eb5aa6f4224f4b559589cbe848505f5f8f7643eb763ebf6bde8edc963faa6acad6ffe104b37cea0b830256d9b4536dd2a7379ab2c30055cbaf0a11c21eb93acf32959b77ba4acb29475e19d9fc9ba7c1aa5c55939661af56a153d3d83e8cf45284e9dc7e25259d6438dcf9b93b6ecc4ceeddbe4bb53d6db5ffe082b13e7505bb80e7fee1a966f5e4465ee0696276ea0bcb8246359be6fc5866d32669f7dfea4acbdcb78fb67dfc5dce50f509ab929ed9c4050aaa1b3b30f9d6d2913ae64a55091e92a6bafb9bb2332718477efd987d1c16e5cbf7cd684bbd0efa9e6f7977e0f27bf714b76fd3ed357f36f22fceacf701a237844d6aa7637c294d87466a940e197104208218410b221310e6f26c5e6da0e2a0237f66d3254fe592f62266ab85e4cdeb9ef4e4c0c54db855fada0565a463a9dc5f0f04eb9f0dd6d626b1acf60bdd054b7a42700fdb540db1236c45ff564fea8b416bdc0d6f896c613cbf751aba9679e062290f34a56dbce2293ee96cb710f956ad55cb847ea7a1da7d0d6d6837426c6c4fc395c9f3f8b92b3003fbf82257b1e378a73b832af42e2925ec79b01ae0feca9c792e4dc75e903cff1d026fd549632554c5eef11a87550e14727861eaf7da6b17135bea993d387950526666c350ce59d3ec849fb556f37d60704b968cbb7a1bfaf0741b0826bd3e73153bd8a15671e2be925cc457378fbca0778f5d42f717d6152eaa5b7d83fdc94d37ab96e1ad96c56fa4163faaa70be082b5d849d2ea1eacce1f2ec699cbdf10156ea8b46d45351358ca5cd620df5ac0ebd0099ce14aa2861be24f5b15750764aa8b855943dc9e306320bf407100bf9d64ef4f476a35e5fc6c4f405ccd5264cbbca99452c5b05cc9797b1589c4159ca0aa58410b1d84d5e6db193ed234a854668acd915296b1c35a788aa5d40c5a9a0ead6e5b3f6852f9daf8fabd2fae9b69ad4438ecd79e6f6f75ae0a358535f621953665e26f34e6def499f8e6ed9826cab87eb93177073f1020ad60c0ade0256dc255c5eba829f9f7a0def5f398b158d77dc1883c6cb4f4a548f6d4d06399f8ed864d426e5282a188562b79a3b8fcbf36fe1ecec6b92dec58ad8ad2036383f770aa766dfc17b0b6fe3dd85f7f1fefc695cab4ccb188da42d2152d98c89f75aab17cd03cf92f2f5a15b3652a90c72d9bc8cf5102b95a2f49565eaa682554b6b56f2aec898bf80ebb3e75008e6c42e358805c5ee65199bb12c5396c9abb7ab6b8d3bba7ad1d5d189cad212a6e7ae63a136297dbb8492b788e9fa34de3cff165efff06d4c17e6cd8f0ffaa763245401586c1fa72378ad2e4ae10a162b33a84b7fd59c1549529e8e374bfac8f2c526be8ce11a7c4bc68cc6ff75a4775ad3b0336954fd3acab21e9a764a9db43d9a749dd4af9a91a141a4dd0837a72f49ff5c131bea98a860252c62be569073ea3476c426fa5380cc6549e96c4ae6708ce2ca1c6e68fcf4f20c8ad2bf25af8859198315190f5599ef7e2833be31461e8e08d95c5a66781db31af660691c6d711179f5a85e99c7dccdcb70650dd007fce9c871f5359232ab2bb87ae65d7cf0f31f6071fc221c69872bdb6db1456969112bcbcbf0bc34525ec61ce788ed53711de9a8824c5c95d72a32d2524d59799f13db66c232d29227117d9b6589ed1b659dfae5ab589eb802ab2a73dfaf9ab25696a5ac95325c19576e2ad7102e93f1ade566a49f57e6ae2228dc94f3cfa31565a0b480896b9764adf5d1ded1217697f120e5d8510d4175091765dd3af5e68fb1387919714dca0a8a88642c2f2d2ca0b0ec9bef3c37259da6e5c4ea030df93eacc91a5f413e6d212763261595d1a27694f15c9aba842befbf85e5f16b529fa4afcdff84b829e47379f95e2861696e0a56bd84948c35dbaf61616ecefc18946fef80d7d266e68efee866e6ae1c1bc95c30bdfe317daf6bdabd48bc8393355613218410420821846c644ce8453b345a5618941a57869b0a6db2267d36bea2177dcd6d923e42985391521f6ae5390e2cb980af94e731317e0ee7cebe810fcfbe87f1f979a45af2e8eded35e10d9a17912a987ed485e746404526e3fd2ce4f23974b4b7a3b3a3e3aea9adadcde45b4fe8fb28160ba8d46a4680558156cfebb959a4bc16799f3c40ce78e11a11d693f3f5cac57d054b0be3081a0fb34aa58072651991e363a5ba82ba0c64f3d0aa3030a2ad7abaa938a0826eca7191913e0d6abe11d7d4335bfbb9d9e38e16a5fdaa4985698d3920af29278396740bbc308623e5ea59234bc30d0408b5de916544dcb65c4e5216e5e29249918a41a8238caa52d30aa6e62fe3fce5f7e4751cf5b06acef37048f96a879502ca750b3bb63f8d174efc269e3bfc55ec1b3a8c9eb64158ae8745d95f92b1a96d57d14dd171ab0f44ca3829b466db64e2472814356cc5ea984cbc60c506a10557fe5af22d6891b6550acbd2ae82b447efb196beb16b701c1588caa8856277bf68045fc578d9494aca4acbf12df0fd50caaac83e2d20995bc92d07ab343f195951f279b93c5ce964f52cacd7ab72accaca6a81a4d7d4f669dbc5408f8c8d5a1573f353088cf0278b5b5c957394c546f3387fed142edc388fa5ea320299b3ea5f9ec8768afe7bafbe90ed722e58254972de58065c24633a6a97b19a97f1efca582ba25092fe5e2338a99d752c197bcb5f2ead0fe273512d9764c155f95a4e95e494319c423a25e7f16ba8548ac979f440a1abb35d72d450589a367dae632e594b6cb8322e6d3808aa35b18d8ab1724eb14536df8aac8cc3a5a505ac9417a00f980bace4417375a784cb93e7f1cef9b731b534896aac212fd473d7354905b8b4cc41adafce310d49a0e89a65aad4f8b127412c28dbb43bd59eda6729192b9e679bb8d2f540e3c4ca3c6dda45c642e847663c0c757721ac2f6341fa4be3cf86515afa32798896e3fa5223b19198db0fa57dd087c6a591c9b72397c9980782f9351d47a1de4821442696ab1c69d61315d6d7d6f241715d0b8e27ebba7460a95442500f21834a96219925d2e066d94d54c0af8aedca52cf85b803d9edcfe3e0d7ff333cfd3bff354efcce7f89e37ffeafe1e0977f07f9919d284abeaad82c19bfcaede37f95f5dbcda3fb64bdb16445f14c288505bb0bb91dcf62efd7fe324efc47ff358effeeff56cafa2fa4acdf426a682b4a8e075fc5513d5afa285903f45368d6d650e689b651e78bdee5a23fb4f9d267aeb45d63a4ebdae65b525f278f62aa1fadbb3f8f03dffcab38f1bbff7b9cf8f3ff159e91b28e7ce577a55d7b254f1a75fd014ffa5a4bd4fe9b1cbf86b9a52272bd6378eed7fe120e7fedf7b0f5f96f897d9e46d0da8f82d841579ec89571a16348c66e5dc67429dd057be8100e7debafe0f07ff4bfc353bffb5fe1d87ffc5fe2e8b77e0faddbf6a296ce4b27a58cdd9359928cc1d5e02d7792c4f2d778bfc60884104208218410b26988a21a32de325e7c76cb3daf409f70d6375bc5c0c4fb2861cd7ebda5d45cd426499fb01e86b1b96856cfb75ab5806269c1082e533333a8cac575beb515d96c0e2a84a948d2d07336344d11dbb16d542b55148b45733bffdd52b95432799b2436900b76b147cdafa3aabf3ad88d700c424a2ece5b9cace489508b8a92af2e2617dbc9f67cbec388ed0b73e3f0a3aa51d6ea410d4eca467b5b1e5e2ac24275112bf522ca726ea8b0db10b4f4551dd25ce9a74045b248ea60c27968ffda0d91ce3642a51b497e15b623bd95b886949b4646eb14e9cdc089b8111a9143c55fadb91c2ff933ae837c368d7245c7c1929c427f5991badb729ced23767c54fd7222faaa30d914c41e80c4833a42dd2f6262ea1a6e4cdd54f91b435bf663d7f6c338bcef183ef7dce771eca91348a7358c80d4d158573d8c93c1a79ff2b956e4dd14826a807255ec6146b498c964b0a43d7a13b48ef100592f83968c8b5a691ea5ca9294e7cb18d0b8d8da361d0b118a32f62b41d1d8c508904d612c76d09e6d47cecd20acd65095b2d6b63a947ed6cf8917ae9698dc56adfdaf3d93cfb4997694c4a6755f6ff937d533c9a06d920f9d6dadd23e5fc6c6942c6a626bb1bb3e48d008d44e5d6a5c4559bd1465bb3987397b03ed87b5e90e42d3cf2abd695f0359e9bb36a45262c3ac83c05f46b1bc22dbf558b564324ed4368e8c311d576da93cd2190f95fa8aa4929c49f3a86ceba123df89bc9747b15234f187d5f3d95845c654677b3b82b88ae5e5f98678a5860ae0cad856315e3f576a15992b21424bc6bb95464baa5316f5142ad539f832d63464878e55fd954fc7a10ffd71a424afa11983893db5fff50712cfac573a966b95324ae6471215d81321df88ada69dab3443a4687b3af22d269c8b0ae13a4793736b3926ab1c6fc95848239fce483bb45d73e6b8d84ec94bd6783fb7e653e69ce5d0475d4eabe2a5cedf964cbbcc45c7c4d90e7d999bd276f54cd5319ecde6b52232b7eaa8058958fdb0e80f4296b45363bfab9d5dbdc341cedd1ceb9ab48f9b76d04f1ad7364875e1d0f35fc2f12ffd1a460f3e83a1dd4731bcfb084676ee43ffd82ea43bfa6481cbc396b9a062fbbd593d733335eda7f3a4ae0ff0cb74e2a917be88135ffa06c68e3c83fe3d4731b4e7690ced3d8481ed3bd0d2d56d6aa862fcadb9a2fdaddf55624f4fdaa46d53540c6dfe506639ae993fba4eeb5aabfde2b5f4e3c88b5fc7d1cf7d03db0f3f67ca1ade7b18dbf6eec3c88ebdc849bb22196f912dc79a338a35a44f2ad2b7affef8fbb874e9125a3a7ab1fbf0b338fac257f0e2d77f1bdffabdff150ecb3aa57d5b93f2c4dae658bd93c2b7d3b05b7ad1b7e3007a761c92d77de8ddbe0b7da35bd1de9e977aa9f5c4eab246a83f786223a9bb6e6bbc571b26a9c9dded6d8e68dac7cc7d3daf0c37d9967c22841042082184908d8b67f9486311630375fcd5ffe40bf7b8327ae2d14bbb86487507abf12f1261b0f1a141721bb36d6e5f4e483ce7541ff6cb15444100cff3e4623b42332cc246c4b1358ea25c566b7b23150fe25ba11e82502ed8351cc347a4b5a84d545cd5dbf4d5a3ac16a8e7a80ae72a4858d8d6de8b5d6e1b6aa5092c0457508f0ac8ba1e324e1eb974073470a70a95752744d50bb15493f3c7690cb677210e6b98284fa06497e16553c6d3321da6e0853974b78d62a0af0f95cab8794852e0e7e15beaa5662ef54dbf252925b5d46423b24bf2b20c473a74d7aedd2887017e79ea7d54549456c9a1210ec42af0a56c64322a5885f06b2584ea21e848dfeb79a0de839a925bf25540527beae787c278a056b1541cc7dba77e803ffdc13fc33ffbce3fc2bf7dfddbf870fcaa94e960e7d0761cdd731069b17fecd7cc61be9f082c150748b7b7a2456c1e1796c426352328a977a67a3b67f541755a6fc7474a6cdfe9b598f3f8f519f8d132620d03113b484562d78e1164d26d26c4c65cbd80653967d5b1508e5458acc9395db4b574a245bd5c9797e057568c45cc2deba656328fa46c4d55c95bb132c636b96805add2d77d5e0f3cc9385f9d41cd7850ab50a34258e271adef73b94430548f590d1d62392a60eaf89293ca39d5f63a0ed5de2a0e25bdd6189746ecb91b6bb7eb0f0889d7a909936169788394f14cef90f9edd52bf0f5567b235bd5a50cf574556f707917e90f0e19b43a2d660199aa4c1b815cc794ad1ed5611a6d5e2fd2761b2a51d5848ea8dbd24ea9576b6b8bf106d676cf16c4ee8ef48b25e5c501d272feae96ac117067fd25145468b35348bbbde8b4c6e0c8f82bd76e9a1f08743c6b3c6057c6761cda5087685df2644426772c885df4016c356966c57391ed4ccb11f3a85516b02066a8db9eb44b7f3848c4b9a65016caba5097e3b50f34aa6b9bac0d83d20fb02a98ae4e48db65feebdd1432564c8182f91125d566425b9482b211e355eed3db4fca520f3bd582eecc80b41918afafa0e4ca18f2ea684d65d1eff6c85a54c742e5326ab1dad0447896e910a1bda515996c06b38b732854d533da14f77044320f025fd60ded23df843f08a58d75ab8e9a7a4e4b6d55524d47d20f928c089ccea377fb51ec3a7c54fa661a6f7def8ff183bff77fc60ffebfff177cff0fff00affecb7f8cc9b357919189969671a1010a1a85993541bf4b029913c6beb23ea867b1ce8f385c5d43cd7a23eb1ed21e86b7eec3a1fdfbe00697f1d69ffd3d7cf7effd5ff19d3ffabfe1dffdd11fe0a7ffe3dfc7f2d9f7cdfc3622b67c79e978d339e7caeae04a0bd4663a9734d542f5ae9771167ab23e67d062e6bb830cb2483bed18da7a0407f61e8017cce1f5fff0dfe3cffefe7f83effdd1df9076fd1ff1d37ffeb73175e1949c5bebad7757e88f6b6297b8825c584030751e67beff27f8de3ffe7fe1e77ff20f70f6173fc4c2cd49b4768ce2d0892fe2c8f167a50e81d8a324a96aead86ad750bafa4bfcfb3f14dbfdddff037ef077ff067ef477fe26befbfff93fe1db7ff437f1edffe16f63eeec87c8cb7c49c555694132b7b362330d8ba15eeb969b32eb88fef6732fd4c2667d56015c87a8ccdbac13a14d0e0ae47baa28fd14e88f2984104208218410b201d0cb1fa37fa81622d73a7a8dd4e92ce0d79eefc17ffbd73f875dfd8bb27593a117a926c97bd574f5bdc6423517dfea65a6a84899bc33fbd7e27a29b4770ea0aba7cf8810910a058d0bceb82188aa28682eece542727dbcdb8d423356af7af8a6a4cdae9784c6d0766afa289ac79a0bf35cd6847e487b19b3af2217ed7a5bb611d4e314825a1aed96871e3b44a9348799da8ce4291be122ebb522e7b4210ae2e4366595d722bd75b70519a71d9de92c3a5bb3b0538e1169d4ab4d0500e3c11b7b485959131f34867a2296a54f547a496e31564c1d644bf34f37c4eaa52b491fb3954a79262445b1ae22a94a0d829cdbd649256f1d27855c56cb708c4771ddaf23348297de3e9f466bbe0bdb87b663a47f8bb9d55d8c22c73fdc78d07e688618a9d60a52a7454c8bbd6ecccde0f4952b18bf318356b1d570d7007a5bbbd0d9d629f573a5b8447cd3c70d665a5a90d6f15e2ec197b1aaeb822d6dd671ecc293576d5764c26374a5a4cf647fe017e0072569977aaba6e084d22776abd425879552194e2e834c573b425765b1449455f1b32ddf81bccc83b05294b2f4d67fe93d5396268d8fac3f0488716dc788f14a4acac8ca6b87d762f2ad549750d36355a83139b4cef249c755368f8c8ca928085157d14fec1a472a6ba69172f3e8ef1ec24e7d2858bed584f0d099ade5df9fe82b483fab646652436cd6f7b95ca72ca416828ad850ca4d3c0e9350202aceeb59c4822624444b2a2beb438462a86108b4ded287fa0343dd41774b978c4f1bcbc545d42cbdf95d9559a035d3868c1c57aa9750d1d8c47a42a98bda23e739686fcd9bd01a8bf502424f2350cb58b772d2f71d88eb81d862def47964c45e392ecaa0bf7d087b46f762cbc056d8620b1516358f8e44e34d2ae32a2763c3b36a666ca9281858cd1fb61ae89c9731a873471f9ea83f763852e7bcecea9639607e94a82c25e15b8ccdd47e3a17923999cfb6229dca37e20057a51b9271a9f9d3fa4343aecd6c9f9576d54d2ce1c0cc990e6997864f5909e665eeab60ac62b4da23f1b4d775a228e359d7dc4f828aa29ad4363a6fb415c6235dceab9ed596a31da1d6967e6c4ce150dad83dbc5dbf1470e1c25bb87cea55047317114b0aa62fa23e3f29134f8e932f9158855ca9f72ac9487165ded862ffa687b18e17f968fa5bfe33a9e9213f30bccdf4dbd50b6fe2da873f45387719feec79f83397112c8cc32daf487f27e3484bd27a36678e1c26e7d47e9393bb32dff441a4b6276b670e6124b9fc505700994fdad51efa07a42c39e6eaf97771edd46bd2aeb38866ce2296142ddd445c93f554eaaa2be55a4caf87d21fc569d4e6af63fad2fb38fdc6cff0836fff07fce8c73f83976dc3d8ce5df29d293691f1ad8271146a4ce41aecf23cece5eb7017afc09ebb0467e10a2c39476de612ca73e3882a3523126b2010b55d28953521970a8b6297186ded9d266485626c798f2161bef3f53b4afa44ef72d0702c2d597d08a19c4be787b11e218410420821843cdeacbde449743abdee2ce39bafecc17ffe178ee3c0360b396776935ee1c805b87a07ea05a049f2774bfc5d63122398afc3b2d368ed1ec2f0966de86c6f950d91112f7c39d8f1d2462055c1572f3c37f283ddd463b9f9d01b450791de7eafed5a1fa3f56ea850a9f95dc745b954452006d25beec3742c76f2908e3348a10fadb903d8a20fe9cacee1eacc15ccf936aa2907c5a882f6d62ef4e47a9096cfae27f60cb348873d68b586d19d19c2e11d7bd1976981538a9191f3d9be0a3382b9455d6f4fd7075755517357105a05d9b624eda83504115538f4a162babf00df9d47dd5934a296de3aef493bd513368c540c5501551f2aa6629896a0dec27a3bbf2b79d4b3328d8c9783674b1d745b9447daeac2916dc7f1e5135fc7dec15d6881b437d2e3b4820f86dadeb5b2e86f1fc19e91fde8cdf4c1aea7e55c39d48b2e4af32a96f663b86d2ba21529406ca8e28d8a6f1a2b5747b57ae7f576b69bfe985f5c3462878aaf09dacf2aa6280d2f68f94b39a9a45d52369036a2af1bb563ac6f07764b9bd4fb1791ca4589d8a29eaacdf6b577b5cbf87730b7bc8028ad713c6dd4cd5c93b121ff785184acce191d677250320f6d38d2d7d99cce9d10458db51acab831f5942436b7a46e968c1cb5bfda5d63d3a69cac8c0ded0ff5706dc340cb28be7af21b78f1c00be84d77ca98714dfb1fccf68d32d7a0f142f5470c158c568a32a6101b217a15ed5f153a55f817db8bfd5cdb45dace493b5d7881d439b4d0964e6164b00d9e5bc2e4ec65f3a3841eeb466974b7f64b9bf2e6615d755f434968580315496d78e91cd2d92ccab52a56c4362ae2e98f1c7afb7bca09658e481eb1878692d0bf74949579d18ae37b8fe1abcf7d195b3b874df8128d919c08da329ea55e1a6aa5adb5431b8052610569c7f87e9bbed23550fb6615ddaa013012113e65bcde931f18568acba6afcc7cd1f3df4ab2cde8bc8e8cbb94d82325fdef222b756f9331d2df9e93b1e9a15898c1f2f28c39bfdaab35d38ab66c8b89af5ba914a40c5f52e2c96edb1ebababacc3c9f5f5830c2e92741c351f8eab12ff3a6a3ab0f99960e238caa3fb70aa55dfd03bac0cb3ae21a51dcb4498eb36530ab1daa4184b2fe08211b35466e246b5caab50d2ddd9d8865ce59d2e65b3f2c3670a4eeea99ef4481f901230c6480ca3c09f547993890ed1a2f5bc69d194d32aea42c2d3596b2425fbf73744d75645a884ddbdad1d2d169eaa8eb85e9636993dadfcc69198b3d7d4352578d89ac3f502442f3e0a0b43563a35c2c9a3ed21f6d348fb64b3e49591a0f58f2cbf9349634dc0c72524e4b67abf91140fdaf5500af8bfd6bb26ee6fac7d0bff320ecf65e7367853e6633a81751ab2ce1fab50bb29ed6916fd19f0bb43d2969a78c7029c3affa686de94467e780b44bd60b2b03df9135a4a51f23fb9ec1fe632f23d7bb55b6a7e49c620529db4c67597a66e66750281530b465083d03fde67b26d1d8b50debd16dbad6d5a5fc0c3ca71bbd5dbd686db5313b3781c5459d737af0271b4f84104208218410f2ab42afc7d5292a8e2ae8e9b6f0ebdfdc87fe6eb9c693cf7a6db329af6e6e1332cc15a27ab3ae7a2ea95954c0d17dea5fb44a646e9dd787ffa4b27974c985b493ce9b0b69db75cc43dd52e974f200ae9a7ab5c5466cd2e26ed34e36101ada411ff6542a978c68a8c297f196d22bf67bd01489d5db571f40b522c7ce2f155013c3a7da7ad199ef4757d48391cc289ed9fe1c067b3a305b3a8f1bf313a87939045e5a2ede2de4322eb29e639ef87e68ff31f4b84368adf560c01bc4978fbd88f67488ab173fc085d3e7c4ce8928ab835d7bcda458e356bab055880d336809b268ab4bf2e5bd9f423e488ea95b1a1ac03562743668474bd8859ce4c94719d86116a9b0558ecba3558ecfca79d261da0832621c138242bd7b870776616c609f94d185d6a81d47b61ec6a1d17dc8452e666f4cc1af2582d5c3d29a6fc5d10327f1c5e7be8aa7773f8381cc56b4873de8f3fab0b76f377af35da8cbb89c9d9dc752a12436af1ae1478524f574f5a4be69db331e7aa94c279c6a46dad82276c84b9b5248472ac6eab84f6bb350ad9665cca6b165e80046fb0e34dad589c35b0fc9e72120a8616e6e0185952aaa2519eb321e5ccb33c2994a2b1af242bd9f73a92ed852563668117b6b5969a4645ea5d4733b4e896db56f72c8d63bd016f4a3236a432ef690f6d3c8d45b910fe5b32463773946854e0721aad2bea016a135d787a7f6bf8076bb07f97a1b86b30378fee0b3e8cf77a338bf84b9c9693316ee2e02dd0fc93ad07cdfdede6e16d56271c578dede7ee6486c9e8876bed8a75429c27172181d3e28f5199336b6a2d7edc0f3870e63a8278785f9ab189fbc6cbcaf750d527be7643dd135a3d4881f6c79c9caa122afe7a5e065b2a8f93aeeaa08ebfa7835c9154b1f044b32e7f2d8b9e318fada47c5dead688d5bf1c2fe13d833bc03b61c3371f3a679785bf28354526b6d9923fdeeda29c4968ae8ed485773c8fbadb7c67a2674656ca4255f065ed822dba45ffc76990f6d6897bf36e9d79c9f45ba9e9371a27dd51c5389e0aeebc572a982b22fe3b87518fb761c9739d6860ee9f7fdbdfd7866ff2e994b4b9898ba88859525935f7f24518f5f4fd61c0de5510f349c87d8c3a8f7725e4bc66f4ee3a8d75129cb3e19db9f04b5487949e32d03bb0e9cc0e0eea32879ed584106a37b0f60ebd898f152d59f9654f84d3ca26dcccd4c98d00a3bf61dc3a0d8be6877a2926a43dbf036ec3efa14f2dded325a8deadd20194bea7dabe3b25a2ac8380e8d8778be770c2b323e169d1694ecbc599754b8553f71657af2a6f97171c7ee6318d8f6342a4e07eae92e748c6cc7dec347d1aa0f3b947cc6fbddaccfba1e26227c2d74d02febd1f09ea7e167ba50715b30b26b0f0e1cde83382ce2e68d4b6203591df47f16640c4fcd8ec3cda431bae730fac70ea228e3a292ea40d7c82eec3e721c6d5ded52962d79133be8cf046a93816d7bf1d2d77e0bcf7ff5b790e9db81b2ab3694b125df97079e3a8830a863697109f54ad5fc28a2318763d976f3e604f2edbdd8fff40b885a0651885aa59eddd879f439bcf8a56f62c7fe23f27dd2b2faddaddfcdf25ec5ea4b572e9bf9a077e168982545c31335d1439a8719ace4878b9a8acdb26e0e0d0fcb3259c3d2c23c4a2bb2eedd9aef84104208218410f27872db358e5c8fe903f96da78e83fbb6a23da75ad892d9ae8e2fd6fe8327f50a71d390dcb2ad17861a8a202517ed2ef6eed96be285aaf79b8613686b6b910b52a0b0b488b467a35a950be39bd7b1bcbc083fb2916b69c7c896ede8eeed978be6d078a4797241ae6267617916572f9f95bc4b503faddbd8c01ec0ea1da6e4f2392300eb43dcccadb2b25d3dc2749bbe2a9eeba1a3b303f5ba6f1ef416ab31dd14f6f5edc2d70f7f1199b81d714dce636bf8020b33cb67f0ceb91fe2f4d2758cd717ccedd50e5af085fdff315e39fc552c5d7f13bd2d6964d2fd625f5fec2fb6cefa989cfd00df7fed3bb8be320b5fcaa8aae79cc6d835e1166ce949075fd9f645fcf6815f47292ea38c0a0ad559e4dbf4a16505bcfada2ff0e6d2384a590f5f3e761cbbbb47d01e76221db4cab1adc8581ef28e9ed3473515a084222ede3c83fff0d3efa06a6b5cd70cfa3ab7e0f9432f62d7c04ea442293190f165d5e049fe42b088d7de7f151f5c3985e5a888ba139bd0110f8386b6d8debf1fcfef7d163b3bc760d7f5b66c8d6b1bc1d631ea4fe1c295b7f0d3777f8a65696955b6d5f43e71e3dda6715ebbf0cc9ecfe19b4f7d41daa7a1334ac60bba268bc1d4ec75bcfefa4fb11896b1ecca026175634bdf01bcb2ff24f68b4daa4120e7d70741499b0a4b68efe930a126fed577ff21e6eb13a8789efacf25a33dce200c3bf0c2fe97f09b075e42d68f51adabc77511e5681157e62fe3fb6ffd14c510a8228b3d2387f1c2c157d0994a211f4670a30cd2b2ddb66b329ecaa8c791d8ac860226f06f7efca79859594420f3d6c5009e3df4399cd8771459e96f4fec0ebdcd5dfa2a4ad54c3ffdf49d9f62aa340d5fed2e760a3ec2f6b159159a68c644e0d338ac1a2b350a65adc0087ef70b5fc181ac855fbcfe1dbc37711a352f32f1934d5800f5943442982b36eec496ae3d78f1a9e730d6b9151a17d60a2b524ed5dc693f2963f6876ffc0837974e99b119a21d61b50bbff6d25fc2a19dc378e3f53fc67b677e8915abf15039e9ffddc387f1ca33bf86abe36fe287bffc576293baf4978dbcdf8d7d83c7f1f2fefd52569759c76ad25f512ce3301763a1368f1f4b5997a7afca985c81467d361e931a6223ce2365f5487f3d872fecfb9c8913ecd7abf0c3655871011fde781faf9df9394a91033f4ee3c8ce677174f733e8d2871a4a1f7aa1860469973123e78d0a32f2349e741d4b18c7bff8b37f86e5501ff626eb297af1fc539fc7b37b8ea02574e0d6a4afa29298aa8e205ec6a94b6fe1b5b3ef612ea8a16cc7729e084f0f7f1e5f3af22d2c2ebe8a77defd9f70bd504245eca1e3b32dd38f6fbcfc2d74b6e5f0a7fff6ef60a17c1325cf415dfac0f46063bdba1fd41625ab17c88fe2f92f7e03233bf7481fe97a22e34fea134aaf5db93a8b43bbb761e9d20ff1efffc51f23e73832bf3a51cbeec2e77eed77d1bb7d7b229ad6caf02c0d01b2849b93320f23e9b76e0fa77ff4a738f7fecf9195366bc80f2db466e55091f9b2ffc5af61df89cf9b0759966a5554ec22ec407af7fa797cf77ffae7e6bc3ae6d36da378e9eb7f0e83bbb6999037959acc1739955943276710d663f4b7ade0ad9ffc0b5c3e7d497f4640c91ec6b35ffd8bd8be6f0f2e5ebf82fe814e59c353a65db97c5efa4fc6d08d73f8e13fffbb48d5978ca770d96983dfb5172f7df37731b86d8ff46b80b25f42d6aacbaa5cc19599328a561e5bd2557cf8833fc1f573a76147beb447d6cc8e6123fcf68cee96796b1b2f683fa8a043be539db80ebb34871fffc93fc4c2d58b724c889a9d41c9e940c7e0185ef9dab7d0de3724f3d443b55290311fa1d593e357a6f0f6cf7f844befbf09199cd0700f3a3f8df0abf3543e7ee995cfe30b2f7f0e8b3393f887ffe08f8db0ecfb1aa2c33322b02bdf49c67b5d0ed2fed495319d6ec7c10327f0e52f9dc0dcdc697cef7b3fc5c4f5d95b63e241c61021841042082184fc2ab9e5b0624546cf50ddc2b196f1fbbf7d02bfffcd4ef466c6e5ba46ae98ac0c9cdebee13f48726f0e62b988d6cbb948aefcd48b4ea39b8e8e6d45269386e7b94849d20b3e8d7d9a4ea5e5b36d1e2055585e4245bd5e5560948bfba5e565b920d667eeb848bb8ef1649a9b9dc6f8cd2b92af60ce61c4d2b5b2fa06bf90544fb2c0f7e1487b33998c117af5416f9eeb1acf606dacdeeedf926f31a2704563afcaabde925cd7db97eb321ceb11f4e161593966616902d726cfe3fd6b6fe3dad20d14f436ee6c562ee5d51b348dc18e3e6433366edc388f4279097539b6a7b713cbc549bcfde14ff0a337fe0d96c265546c17faa478732b75c3c65a1bf5fecd4363bce6e03b3edcbc03271dc19354ac9630bd308399d2329c6c0aa3835bd1966b91bc496884d8d130113554adb2247db0571dd5a88499e5195c9fba8a240e29cc7996963484848c9d94fa8ac7a804055cbd795eeaf7035c9aba88b21c5fb7c387167d955826b55f0f1056eac87929e464bc86818fb9e5595cbc760ed7e7cfe1e6e21594a5cec548ea2bc79858c632d165241a41727e5a450db17fc64326e769685258ae2ff65cc0d5eb1751933a566d4b5a60a1542da324edd23000918cf97a1448bb4af8e0dc7b58accf62d19fc6c4ca048a7ec948cba628f9d33ed0c736cdcecc20257d9e4d7b48e7521a3dc39435bf328f8b136a3f576c9cc250df30b60d6d4346cad018c67a3739dc08a11b48b9525b47c69c1da1e0cfe1d2f879f370b040e6a67ae24fcdccca78accb58f4e03816fcb88a85c2147ef9c1cff1fa07bf40215c316dfa38d137e1b6896a52733cc5d2767d405a26d58d13fb0fa21d359c3f770a73f525047a6bbe8c33158a4ccc62839ecb46b9b482e5c5a26c171ba4c58e729e95ca0cce5fff00bf78ff0d8c2f4d6345ea18ca397c1977b69dc6de3dfb651cd571fafc4fb1545a84efc9d895c1ec7a697475f6a1b76f0893f3577163f622ea088d2d74155b599ac3e2c282942b7d9df28cdd4afe12ce5c398d1ffff2c79890b95652cf60957dc526ea17af5345fda73556ebd2ac1c2bf33b79689e2b733cf9c16372710237666e489fcaa8903a8c0e6bccea11e92fc83c0ea54fd3885db1955b43e04a8d74ace898aa4ee3d2f57352c7ba1c2bfd2936989e137b495bb2992c640941adbe829999cb78e7cceb387559c695acab25a994c6eb86f4f948ef9889d53c39ffa1b4f70c5436d7300ab13e822cdf8ec1e141546a4b387bf91d191725b1a386ef49faa0f943d5fda082a086328965904c4d8ecbfa5e95fe92b1175651589cc42f7ffe63048525ec1aee4161ea32ae9dff50e693ce130debe3c8fa74535a68a355e664268e50953178f1eceb3877ea03b4c87ad69d92797af52c96e7c6c5dafac38a96a73f314a3365dc4e4ecd88bd658cc8f78dc62bb733967caf880d647c5c39f5aee48fe04abbf47b68fce67529d73521853c395165791ee7df7b0767de7b1b1d69075d591fd3373ec0cadc9ce4129c0cc64677a1bd358353efbf85f1abe79197f3b7e464cd2e2fe2dab9b7f0a3ffe55f20e3178d08ac9ec881d4ac1c04189fb829c6d1f01cf22d29e3acba20ed7af79778ff8377a40f5df4481d17ae5dc4cac234dc58630b3ba8cb60bd3e3e297691ffe990e3d232965c4bd68ec22ca6ae9fc5cfbefb6fb170f592d849f6eb77b0d84d57d29595658c8b1d65301a2f6f157dcb8539b1f5fb38fde6ab98b87a11b1799862f2fd6d8e94ba6a080dfd3c2d6bdb405f3fc6b68d626ceb565cbe78d984cc3071b535dc8dfe4f91bcd7d550535ad6fa23470ee10b5ff89c8c951ade7ffb4d5c3c7fd1fc7f41f2d3b0ce8fa4244208218410420879bc5047c726aa3dea35b05e37967064ff208eecca22e7158dfee9a826b4f93c7ee51fb908d4dbd91381572f0855ba8aa0711e4d9ec6859f4a08b15c09eac5b05e11ea437734fe61726bf62a7afbb17a0eabc8a9f13623e3912467309ea76bd8c01ebf4a33bc83c6efd5300efad0b752b96cc460157e75bb7a042be5923e4c2d36c7e8512abca511a233e3229fcaa256aca324765a0ee4425e1551e9182b23b67303e3f5a9cf9777a49fd4bbcb8acb62781ffa209ed8d856f2597558e9c0841308c28cf48bc68bd492b4d73487bc53cfe1288554a40f3392f348726c398f95f45fa55e831d5ae6e1505e4b1e7ae3bc23f5d1301fa64f8d50900800662cc8abb9d55c5ef5c142668c485efdd3bad9616cc44b155b758c68791abfd63cbddfd65f61d693d435a9edc721b69036e69c3472dad62042bd1aa0580f4d3c51c7d6dbdd2b924d6312abb7aad6578f6b9c3b4a62129b78b0d24f1a5b57f785d26af528b4031f81eba12a6d336d765c13a622538f51938a57248f69afce05576c2936f4328ef1864f242c416c61bcfc342c4164a3af0ef300b3bab45dc53c8dd1aaf34fed0139bf2ff6d263f4966f8d8b9bcc382d3de99f24166d3287227bc57887ea788aa4cfeda845daa2317fa51fd4a34fdb24f5d05bb85560b5d3969c5f7d5b65fcddc7bc53297915ad47e2f1ab5b837a1939b7031d2d7bf07b5ffd26f2f3d7f11fbef3a7b8112da096d65021d2be66574a7b12c486626f1dcb769c95d6898dc39ab4433d60ebf0a3bcd844daed95a48e35239e23d610222d62bb2a42ff063c4fc6b6d72176d038ca9a5a00bf05415490f32cc24ac95a24c5693805b5b7231fec488e7164cc4993b5ee3a5e753d330fdd33d648daa91631c2991913524fa9b7894dacfd21e7d33016a1172188b5be526fb5871caa0f4c4c212bfd5f917ceab5db296792f987a26957287bb58f237d609d8c472d2db253d2be76699fceebc43b5b7f1448c535c92de796f557cbabbb3226f44724d916a20c37189471d92195bd8ad89d9186eada924318b648fd25693fabe52c2d5b6c28f654f15131e3f43ed1fa6add22e9a740d679b592930ac476325ea58c50be2cf40e004fc312442b62b36a72a09d9575202ff34356b654c60464c840ef045892313e2bef5a646c74211356910e2b32cf92faeaf7897eaf285a76ec6451950532947e8e5369149dbae4aba3ab5e4556c67ba8bf86c8316a7f236c8b1d027d7068630d4ac6be860ad1bb563470ffb4f469da6cf39d5ef832a6cc9a27e56b680cbd0b2090f5dafc2824db349a4856fa435608b3be56a4acb2d6d1ca2023e35e1f7aa6b17a3d39361dd551b0d328b8b216d523b4483b5ca72ac7c998455ece2c7634ebe66a1fe82cd63b137c395e6b9995aae818d3b150933cc53834dfc39e090f139bb5d33cdc4ef6a9bd92571d817a56a131c7ccf7b5a375d6b91e9a98cf7ffeb77e1bc343fdb2c80478ef9d77f0931ffd1865f98ed2ef6d7d68a1864a19d9328acfbdf4798c6ee942b53c8bb7df7c0f6fbcf62e6af592e4d39fccf48bdec8e684104208218410f218a27a43e36d035bae5fd398c5effdf631fcfeb7bad09d99946b25c75c6b6d3ae137411fa0a3d7d25622e6c672b12717a64ae3d252b6994b57c963cb45b46e91f7ba5d92110a34a70a0f62c45bc8056918c945ab8a6f72bc7a813e49a8bd127135219bcd2293cd98189bd56ad53cb447eda5e11d540457f4181552925be635204012fb58cf53922c754785598da5eb995be0a3489fdc9e8167a7cc43a3f4625c850ac78d51f7abf0eb7573dbae9ad63cf44a2ed0a32827b6be33c6a789b72aaf2abe2682ad8ab9f21af94628d0fecaa97820f5a9b97a9bb8f6b239d2248d85aa7283d6d53cb44b459786e8a02265322ef4f0e48d11d2e4fc9a5fdbad347f4c50d6e66b96a4683def265435f32bab228a0e55b1a57927961143a88088b82667f451afab0776da08b709495b74d09afed31f3974ac4bff343d542d79af428c0a4c7a2e1509157d005b4ab6d7255f5d2c997853aac824f690736abc6bdb91cf32de937264ab544b4562ad5fabfeba22f8b64a8f0de48dfe20a2b63502b08e0e39266e9cdb64d0f28d9d9b4990b1a3319bf5b3d640853a45057847cedf44e79deb4a1b1a6527f3b139361ae732ac1e733b92a72192e7d2edd007c739610d393787837b4fe0c08e518c9ffe257ef2c68fb0920e507122f310abd59e5a45cb162bc275f4417c495d61d5c4eefa3e2bc7a4a46e1a6c3d102ba88d925011ea73e9c485467fe5249f6ed39aa5cd5837c2a35535e35acb35f2b8d8dc0aa567c4982ab4ab97adf6af0a5e2a0cea7c34f345cf230799f3c9f9f5556dad3f929871a8fb647c693fea8f075253d920eb5c73fce958330b60cd9c2f425e8e4fc90e698711166512ab0db59db2578fd31f65fc58633feb9894de13bba4248bdeeaefc62a86ea5d015a8e8c3fe9ab58fa5acf17851d521f69afb3289f57925127e7419417bb65a4ac64ddd618c7497f6aff3eb8f09ba09d98cc1963073b34c26f286b45b24f1f9aa75f9a61b2cd8c57a9af8c656d572873c0b4cbd8ab6cea5b97feaaa3557d89e19a2f1cb5bfe965a9bbdaca185bcea90f7f4b42d4d4a59faa4e92af35589d97967a964bb9c9774af37b46da68d652d924e3ccd4df2ac9765d3393fa45715e6aa482b0fec0a36d9273878dd8d47ab8962fc7bb726c522f8dd59bcc59ed6b7d48a07a84ebc3def4472327aaa3246b6dd9f19091faa6232d4705ffba9c53faded421995b664cca98d771a865993b1074bbf9714d6de91a6f5f2d4bd70b1d074916e953b197ad7700483faac7fb9dfda9b9138cd02c75d41f78f2f29df4a5575ec1fe3dbba57c0bfff27ffce7b87663dccc25f564ceb7b6e3d8b11378eeb9e7303d75056fbff9639c3b7755cca3e3536a23e396c22f218410420821e4f1e64ee157afa1b3f604fed29f3f86bff06b03e84acd489ee4ba66930abfeb695e422617c3ebd10be3e4423a21c9935c307f34abc73c89e8c5b4867c481ee2a6020950a994cd6dbe6b310283bceaa57ae2699a080c7ab9bf6a42b1955c6fab406bbc6763cd9308204d7b2b1a5359853c2d5bc50f132fb32128dd8e0a422a8c25026ef37823a6ad11545500d523a3b502fe5d698e91d57ce60180c29d826e435cbd255e26dc5df84deab95ed8582bfa2acdfd6a0bf516d44fc6135d50414ccf93a4dbcb5cdd2e5592a467bde5916e6c97e4bdb54f3f37841b157a6e6d3779f543f2ba2abb3459fd9cf4d7aa30aedcea43b1b776b40af0cd7aa8f06b04c58f44f36a6a9e77b5eecd7d6bdb95fcf0d214c8ee57f895fd710a7698433a6cc1d75ef80676f66f434efa22ed8408e212ae4d5ec22fdef921e6aa8b58b1351c887a732736bae7396f23c9a30fded37e53714cb7a984aab7d52bc654f0617e545a378692b12e79a55d3aaef5e8247f4222a6eb6bd27ecd73c79817eeb5769939a3fddeec6fa959324eee24526f6b151c0dcd399fb4a1898e5b3396ad647bb31e49bb9b7557515adad410354dfbd426e6070e1545f5dc2aca35ce2d5f5e1aa6a729646bde667fdf69ef0767753eae1d5389f87e1bba46c946cdd16c5722766b7ba5fef2a26b9cce530d6b90e44c5061b3890a967abc8e53edbfa87147821e635a23edd21f5854dc6cae7b9a5fe3aa2b49d99253eca5e2b2a9fa2d8cafb91ca3773ac879d6ccbb26fa83967ad79bf1d410fd2563b24f5a94dccd613e6a6166cc057a2e69bffe25ed6a9eb3f93921192389809bac01728a46db931f8c244f63fbea98bcbd7e0d2bdc41f338a5e941ad9bf4ce137dd0ea8e6ddb71f1e245cccc4c9b1f8334e4503a9bc1e0e0305a7379d9771e95aa3e4451db2275316d5edb0e42082184104208791c6908bf4dedc65c27ae60b06b0eff9bfff4597cf96407f2f69ce491eb1ab968a5f04b1e8aa630a903acabbb0bb55a0d811f98d7f5acbd406f5edcabf0a598011a2722968a1a4d349f0a1a4defd35bc8c91251662d77bb485f2f1edc9db5edb837f73ad7ddcad56d77177e1f05778a24f7c3fdd57f6d3f292afcaef271ed585fc6ddf3afda3b795d2bacdd9b873bb79208821f272a3791f3aaa818a49077dbf0f2f12f60a8b31f9e1fc2afad606e69021f5c7817f39505688ce79a66978e50bb3d507708f71a77cdedcabdc6e4fd1cdbe4a3c7f59ddcebdc0fc2839e23110735ff5ae1b7799e7b09cf771f038f82b5f5bf5b5b9aef923df7e6a3ecd0dc773fac3ffe5ee7bd9ff274dffab29bdbd6ee5b7b8ee6bebbb3b61fd6cfd33b595bf6bdcff9f098ba368a487ef04b50a13db655f84eda687edcd01fd0e4b3f18cd7cf7afb0f218410420821843c26dcfd8ae9f6eb2ebdfc517dcdb1aaf89d3f77085f7d691bfaf24564b028c7d711a91310855ff230ac150854f85d5e5e4e6eb75d7361dfe46ec2ef5ad60b8e4a33df7ae1b7e965fbabe55e82c6bdeab236ffa3adef46177e577990fc9fe6b9d7a29ec2b11189329ede1e6f197148bd1e755c6ba80673cb7dc3bb554b3121448407ea0eb28e667fddad9fd6f76593fbed53b2d9d065ccdc15d1107ec320f961413dab573dd9650435266dd3d359becc920d84104208218410f21870f72b14bd46d6948425d43b632d0dd1178738f9d410baf321729e1c6b95e412671e5bb7f450f87d50ee14c71a6f3619c6b3cab2ccede8ed1ded585c5834de5377137e0979fcb853384c3c011391c8c4258d345eb2676e75d7b11e841ad3fb76afc04fc36b9110f2f03467a4ce4d7d305f28f3d6715c98702a4212f2427235c343d8c95d24cd302984104208218410f2387037b521d6eb1ae3201936e2fc6a08550d8728ffc645789686f993eb1bbf8496963afef2efff2e9cdebee13fd0ace4fe684428b8c566957d747c352f9373b91c2a157d4815211b853b67ae8e67d5839a21479a31489b9fcdd3306531350badfc9b88be779e8710f2d9d19c91c97cb6cc43e2f435117c750e2739926dc9fbe67719218410420821843c2edc5d6d30573a7a4123ff6ab844cd6521322a700a519c421d59c44e0b6a551bc515b926923de413a01ec0cd746fd4cc3435218f332ae4da963e882a49abf376edfc4dc4a37b3df08c104208218410420821e493a252eefa744b9bb8230c6aa25b448d67e744b103cb6ec5e97353cd23082164b3932c94eb933e09f3b6a4dbcc3e42082184104208218490cf9e4418d63b949330771132889c56c6f87d503ecab3f7e31f3c9618ff93f1b082d3c797bdf6816d7767b5ec668c5f451feeb630bf60de13b2b1b9fbfcb26e7bd09d2ca8eb1e3a4808799278543fec3cdedff91fcfc394fda8d6c6cd58f646eb6b653396cd71f6f0b0ecfb67a38f33e5b32a9be3ecc1f8accadee8e34cf9accae6387b303eabb21fd538bb17727ed5248c631a1036f48adbef4cd6f70de7b5cd28fc36e3fa3d0c4faaf0ab0f657b18e1575fbbbbbab0b4b4d4d843c866e051cc6542c8e3c9c37ecfaee7f1fdcebf3f1ea6ec47b5366ec6b2375a5f2b9bb16c8eb3878765df3f1b7d9c299f55d91c670fc66755f6461f67ca675536c7d983f15995fd68c699ea747722e76e3aa23534c828d607d26b788766b9fac03745f7479b53f84d04ce4735701ef63c1b9fb5c2effc023d7e0979301ef6cbe051ac399f45d90f52e6a7b5ae3e4cbb1f555d3eabb237db385bcfe330ee08218410420821e4fe582bd2dee6b8aa826f14249ebd6bee428e220f8e9d4210d6e455af8034d6af24d9a7ff6eda500f9679781369a2bf24388e03d775e1fbbe0c1c191cf7e919ddd9d5c9500f843c309fa528f65994fd20657e5a02dcc3b4fb51d5e5b32a7bb38db3f53c0ee38e10420821841042ee8fb55730966d196d4e531c874018347668ae1056ec00710b0eec7f1add3d39c4b6e4b11c23fc0646d20b9e6ce1b7198ea069a4266ab83b9f80475a5b5b914ea74dd8862090c161dfdb4671940c45158c3b3a3bb0bcb46c3e1342ee9335bfd03d108f62edfa2cca7e90323fadf5f961dafda8eaf25995bdd9c6d97a1e87714708218410420821f7c9dd42cc5aeac11bf940a8d737921ad7399651745d8c8d6e435b5b8bbc6f5cff386954c2346cd77a72855f157ac348e35c58705ce736e137811ebfebe9eaec44369bc5cccc0cfca0f12bc2c7a002705b5b1b568ac5c61642c8fd11365e1f9447b1767d16653f48999fd6fafc30ed7e5475f9accade6ce36c3d8fc3b82384104208218490fbe36eae2b711c25317f8dc76f43f88d9387bb254734af7b1c7888115b69a43bc6f0f4c9a7795f232184104208218410420821846c08ee7ab7621a31322849da76e820bef68513a8cf5da7f04b0821841042082184104208218f331a0642e3f726cf27b1cd83e0628d666b39f2de4584149efbc297b0efd0417cf0ceab38ffc1eb147e09218410420821841042082164c311bb0843177d7d5df8e6d75f46672ec25b3ffb01ce5fb88072186da618bf6e630fb9178cf14b08218410420821841042c867c347c5f80da2a0e1c1dbcc259f6217fbf61dc091437b70f1d287b874e91c969797258b3ec3c4a6f04b56a1f04b08218410420821841042c867c3c709bf2647e3e16e2aec6a7887af7ef59bd8bf7b0ce57201b53040287f560c38f20f855f720b0abf84104208218410420821847c363ca8f01bc61ef2addd48b916a2c847ecd8f21ac0750238721c63fc124208218410420821841042c8634c22f54a8a6d79d53f200e6b28166630bbb48042b98ef98525149716519d9f457d716e337afc868dd7261af38228f4f82584104208218410420821e4b3e1a33c7e1136b53acd6523b26493ed4085dda78e9ec0b3c79f856587483b314ebff34bbcfa939f50f8fda4c2af0a9f8a656f7ce7690abf84104208218410420821847c36dcbff02bff5a366a968b63279fc7aebe0ebcfec3ef627a6909763a83675efa02d2a9b4f10ade5444708c799a2941c5e0244526c93b31eaeab63bf3c771207956c551cd7f7b9e84a6304c0821841042082184104208d96cacea8ef79fd613190fdfb5a812a91ebf3d038378fbf59fa3b63c8bac1dc3f76bf8e14f5f45f7d0e8e6137e95585da18db1d67afb46b02c157425a9bb74c3348e18f06edc26e74a7fa8f2aee75d0b455f4208218410420821841042c8fd703f42ad911ff5016f42185b082c1bb1bc3ab2472312b86ecaec43186e4ee1573102aff1d80d8d08ec2346ec7ac8b7e5d1da6aa1a3c545ca1293ad33929a3554f76a41c34944f0e4b81664321974b67a48a793dcbacf76e4f8272004042184104208218410420821e4feb0e3dbd3836243f5c8666a847a90d7c892f74916b3dd4580e96bd7b073ef7e781dbd48e55a914da5f1c2d3c7b0323bb1f962fc267ab8cabc0db769cb413db291c9e771e2c4d3f8f56f7e11036d1626afdec0dff97ffe53ac547cd4ecd0b8536b98084505637d829e8aba7e9445bab50f7feeab4fe1e4e1417ce707afe317af9f46bd5e6f74cac681317e0921841042082184104208f9642462ef6ac886244cc36a648066a4813b49f2acddabfa62209bd5895551f1d76ebc073c39c2c591a3c770e8c861a41d1bb65f4569710effeedffcdbcd29fcc6713d3192a5c671d0ded385973ff7125e7ee13984d5657474f8589898c7dffe7ffc03ac94038429759b4e62036b406535bf15c5a60cdf6dc5bea75ec0ef7c792faa73a7f1fffbb35fe0da78d1748aeedf48e22f855f42082184104208218410421e1615649ddb845fd506ef8ccffb51dc290b47a13e954ccf931cb92afca6613969d4ad18b520405aca4a4bce94e46dc965ee292f3fd1a8b1434b9da1f388ed16fcc66ffc063effdc71ac5cbd8e7ffd8ffe29168a35541c17be15c2765de9214f926d8ca59ebeb19c208c1df8618c8ede2e1c38ba17994c0a67de7d07735353b7c4de8d24fa1242082184104208218410423e292aca260270926ca32b26497546dbe88bf74a89bfafa635a803ab6c722dddde147d81002edc4c1bfa7b7ab1b5bf0743037de81f1a46be6f005ff9f5dfdc9cc26fd3c8aa92a7722e7abb3af1febbefe28fffc13fc68717afa12e460cd629f1c6e46b74dcd8f1e0e5bb7170d7180e8ea471f9fc699cbe3c874a7df540f586e503de0821841042082184104208d99ca4d31672d94812d6a4082d6b52b27f35654cb2cdb1ae9b089251149964c749285a1595f5b965bbf6edc3e75f7c015fffdc4bf8cacb2fe1a5973e8f17bef015b4f40c6ed6500feaf1ebc077626433293c73702fce7c701a8502e0b638f81b7febbf40502ee18ffed61f22a83aa8d92a122747ab201cc346ddca61686c3ffec2d78f606bcb22fee4dfbd8ed74fdd30791ca3be27c2afb2511ef0c6500f84104208218410420821843c2c89376ee23cea498af0d4d13164732a2cea67752ead49bad35154b7a8fe98ec312ea8080307e337e770fdfa4d84b19e23d9dec88d8a9dc1377efdb770e5b59f61e1c665d46c0f5529a760a7f117fffcef6c26e1d728b76212c708bfc63c46200fe18621725e0ea56a0ab674c47ff37f57e177057fffbffd43d4eb10236a2c60c1d2781aea0d9c42a6a50d273ff732be7e723baebdf56dfc9b9f7c88f1a2836c54472aaca22ee5044600562158cb6eaaf18f2f147e09218410420821841042087958ee147effb3bff2dbe8eec9402310a83e69239094c8bb564395359aae60f44af35e73480a5dfce2e76fe1873ffca97cd6f3359d4b93e36b5606c78fbf80c9f3ef6179760aa19346e0244eaccf3c7d144e6fdff01f989c4f18cd07ab19834a639bc26f2c7f96583591622d38268f278676114629d8ae8597be781271bd8e777ef23aa2c0826fcbb9f40839ce8fd48d3a8dadbb46f0ece78ec22fcce3973f7915d7678b705a7bf0d4d81046dad22856aaa84a4f595628476aa727e1256ef5e863888abe9ee7a1542a19d7f1fb42ec974ea75157859c10420821841042082184904d4ba2fb252aa43a81c6e8ed6b45a55ac0d25201cb0549cb8b585e5a94cf4b282c2fc9e7252cca7bfdbcacafba4df2269f5770f3e604a6a7e711dd0af1a068391a13380d2bb4d1d9d589b6be3e74f50fa2bbbf1783bd7954cb85cde7f1bbcaed1eb8963ef3ce1763e562fccdffeeaf222c15f0c77febefa05eb351729adebb402d7291eaecc7af7df9389e393c825ffce467925ec35c9845f7f6fdf8abdf7c0199d224fec9bff9012ecf168048557c45ff7dbcbd7ee9f14b08218410420821841042c8c3b2d6e337d101db3b5c587608cb72609b50b43eac86c7eeeda8761835a463c54618daa856eb2896abf0c3869770239cad625b191c3c7804bd7d9da6d0200ae138b2df0a10054d4d92dc95a6736ee2629d60a73d8cecda85a7f66c4778f514ae9e3e85a5ba8532d2a8c343e884b09d2a62db6f1c410821841042082184104208d98c2c2f055898ab9b346f5288b9b9f82e29c4cc7c80d9f9ba247d0d31bf5043b1a4ce998928bc9e1835bcf7de6bf8ce77fe1dbef7bdefe0c7dfff36bef79d7f8f6f7fe707b8767592c2ef8392c9a631b265005eae05672f8d63626ace8494b0231f4e50811bd78daa1e43855f55f9d5c44d33ebe744f92784104208218410420821843ca9243a601c07886d0b917976581d612caff74cb149aa35ea5df68aed78d0f0b1b6ed98740bd916471e76ef3e8a93275ec4c9e32771e2c433387ee2388e9f7c16cfbff4790abf0f8a868c701c0b9697c5d08e23f8e2d7be856f7deb9bf8cd6f7d055f7ae919f474b748e7541185be0935b18abebf53992784104208218410420821843c09a830db4c09aa2526a9f1dc313b446cc7774dc9fe35af7653ba5deb58ba465f8cb3b0ad16d8761a8eedc1713cd86e0aa125b95d79dfc846ee9730447d6505d56a157da3db70f2d967f1dc896378f6e4333878e8205a5b3b25534a9293a8f3920821841042082184104208219b8935deb9865511b729e3de99f4816dae247d95cf716892a2db935cab845105a7cfbc8dd75e7f153ffbf9ab78edb59fe375797dfd673f43b15080d3db37fc078dbc4f14aaa4abe8aaafb66d9b574535719562633154f29a24cbb2c5580e6ccfc2cbaf1c47e4d7f0ce8f7f89308c11c8a1919e4f432fc7118a952a266f5ec7990f4fe1ccd9b3b870e634de3f771e37a7e631d29146585cc4bb676f60a1a44194e5e0c6b149928feb3ae971411fece6791e4aa512a2dbbc953f02b1713a9d46bd5e6f6c208410420821841042082164f3125bcd649b94a88f4aa24fde0b3b7624870abc9aaf798c206f55cbbc6dab3e9ccc8e11843568048844e9d4f0b39acb835fabc1da7ff0e49ab33c39a8d0aba1166c79755c31da1ae137c1118364e1a55278e6d9c3686dcd42b5cbd80ef1d5afbf84a85ac1db3f7e43ec5547a5b2840fce5fc195b9921c6f23949e4bc3871356cc9962b1ee8add8ac16dfbf1d7be751c99d20dfcf1bffe312ece56a4abb45bb454159f13c1f7f1947d81aece4e23fececcccc00f3470f4c7a3f146dadadab0522c36b6104208218410420821841042121ee4795f6bbd84578f8bc208b12ac988346a70b2510890c1a123c730dcd709d7d13cbe0919a1daa5e67fc23d7e357e860ddb52e1570da7dab724b18f7ed618189e97c36fffce37b1ffc0766cdb36846d635bd19e6941d6cd6264742b768c0d63b8338d1be3e3b83eb78c3882d1ddbd3844ca18db466079f0ad3c72ed8338b66b184e7d196f9fbb89f9722cdd1542fd7c23f957cb4cfc7e1f4fe8f14b08218410420821841042c8a362bde89be893f74e4d6e3f2e09259b08beeae86b21426c59a8472ee066512b95505c5ac4fce23c169716b0b8308b65f9fc847bfc8ac9d4e3d7716e05435639536da5018fa3c882eb3ad8b1630bd219074110c0b63510836b8e0be5cf897da056c6cda9054c172ab2dd15e36ac40dc91b87882c47ce694b4e17d97c0b467b5b60d596706d6619253f8227bda13139a428d3218a7d478c8fc7037afc1242082184104208218410f2a8b89bf07b3fdc7e5ce2f1db9070e5555d4c556b0c6d0fb5d082ab31816d75550d60c535785635118837b3f01b8455318a6e55ef5f4b3e07701d575ed5986260d7329eafaee49537e67dac62b1976e9c4993cab89ee4f7c5a07523026b4738ae2df97d23fa3615fbd86efafa52f82584104208218410420821847c3c41e41bbdd1e88cb784df08a1edc87b1bbb761cc49eddfb90c9a6e0583e4ebdf12aae5dbdd050243719ea781bc5a1118795380e108a0135144364c243c42639624cf5ef45a422686444e22458b23eb4cd871b6b8a60a957b010680c5f31ba638572ce4414d66da16dad117d092184104208218410420821e4c1305ebe2a5536926fa5d0bf75070eec1cc5b5536fe28d9f7c1fbff8c94fb173df41ec3d7c7c730abf099111779bef95e6c3d774bb1179d513585da5659ba39ec3925c932594edeadb9b04796862691808158deda602af99f5e97deae1bb36114208218410420821841042c883d08c40906899aa4cee3b740c17cf7e88e96be7303f710313939378f5b537b163cf21a3696e621211d63c74cd78ff360da7db55d60dcd93f09ab179d70ab791e521b0d29234c66f9344e84d04df041580d573981042082184104208218410421e151afe21a857315f58403df625450865dbec7201b1e33ee9c26f43c8b5f4553d739b692d6b3d70d7ee73105b62c0a6e67b1b728c8abbb19bbc9af327226f723e356b1257d8b16cb33dd947082184104208218410420821f78f46245865d505d555bd31a863cbe828ac4c1ae9b407db8ad1d6de826c36f7a43fdc2d4a1eeee6363d7ad79ae6de82ef2aabdb13f3aedd776fec384464c23b6c2cf8703742082184104208218410421e2fa23084fea9b219c74dbdd24668a5e1a47370e23a82ea0a520d2d33441a96eb3de91ebf77a20dbe33396bd2ddb7dfafe8ab6c44d1779546eb8d47732311423e3b380f092184104208218410728b5547d53808b16bdb76fc27bff79fe27ffdd7fe3a8e1e3d8a7c36237b2284b28f6a022184104208218410420821843c86e8ddf6ab4488d684a5d52807bb76edc05bafbe8a7ff2877f88bdbb0ec0cee4b1efd8097ced377ee3c9157e35b831f9f4b87dd011423e35348678238e7882feb2b736114208218410420821e4c926d1059aa2afbeea161f31cad53ae6e66710c5755cbe7a09f9d676bcfdee5bc866524fb6c7afc6f76dc6f6251f8fdacab2ec07b2993ec0ceb2696342082184104208218410421e25ebbd7d9387bc25216655fc0de1e2e6cc3cf61f3b82d69e1694c31a3abbbbd095cfa12d653db90f776ba222a6eddc4dccdcc871783f1dbabbba90cdb66066661abe1fac7a4ddfe66d98a003cf761c93a7bdbd1dcbcbcb8d3d84904f97bb79f9723d2384104208218410429e34547f4bf4b908211aafb7a21cd8f0ad145e7ee58bd8bb7d107658416c7bb0f5816f8e8d9ffdf07b9b43f835698d576ab2cd6d7c228a0ea2ce8e0e64b379cccccca05eaf37f628770abf8a117e6500b6b5b5a1502834b6de89f10abe437827843c28c9624fe19710420821841042087992697afaaa0ed0147e9b611e54f86d867048724546f774e42f0a01d74b63a55e42775beb932ffc2aeb45c7c460e4766c7475772197cd617a6606fe6dc2af72bbf8db14d4d596f7e3f14b9b13f2c969ceb98fe75e517ceefe230e2184104208218410421e4f9a5ac0da87ba29760c04968d4c2683965c068ebcf7dc146a5188d0b5f1b52f7d717308bfe4fee8eaee5923fc561b5bef4e24034e63282b2a182fcc2f98f78490c7010abf8410420821841042c893c49dc2af8daa95c2d163c7b16774181927446c5b0824f97030d0d34de197ac42e19790278df50230855f420821841042082164a3b156f48de44faff6f50adfb732f8fad77f0da7df780d8b531308ec0875d9538b62fcfe5ffcbd7bba851142082184104208218410420879cc082c1f815d8365fb98991d47ad523622af867f7034c1c2e4f8383d7ec92af4f82584104208218410420821e4f1e2b6300fb18dc856bfde107e9cc1d6e1ede8cda5618575d8ae8540f286928260f52170841042082184104208218410421e5762e3d72bafaebc7ab00317fd3dc318d9ba035bb7efc4c8e828b66c19c6d6ad2318da32428f5fb20a3d7e0921841042082184104208799c51f137426445086307b1e5c18a6258b6a4288463859037b7721242082184104208218410420879ec89a0ae981acbd7b5ebb0ad15f48cf463cf53c7f0f433cfe0f8f193d831b215aeef6f3ee15763623c485acbddb7375cac0daaa6df4f2284104208218410420821846c2656b545f5d80d1aaf8d9db76123d224fb02c9a349f3aaaea8d9357c4368d95889d3e8d8b21b47f6edc650c642de89613bc0d69d7bb073ff91cd27fcde158d8fd14c86fb17672d39c6327135564da91d70b7f478c3a14008218410420821841042c8a7c75acd3194249f631b516c210ee5b351815dc49623afabe26f53f44d48deeb43dcaa5606a3fb8effffd9fb0f3049922cbf13fb87bb878ed45a6796d6555d5a74b51ed933b3bbb76276161adc3db1c40147de1df99177e02d3f920780fc8e1f0102582c8e478007dcee6201ec2e766776f4f4f4f4b4aad6a5b5ceacd43ab4bb07ffcf2c3c23322bb35457756575d9afca3222dc4d3e7b666ef6dcdc1ce9c9499c3bf61ade7de38778e79db770eeea556cdbb3df58fb94b04478cab9fa77155ab8da09568922a70b28315c6999700683c16030180c0683c16030180c0683c1504dc5aea88dbba1900dcf4e201feb4031d58d5cbc1d45a7069615851d0ac12955966b8a015856fb8ad15762712c0bb5f2beaec16164722ebc5208be6de1eaf5eba8a9493ecd865f118f76a592ab5ce598c65af2dabba5bf0511b85b5e9a6d30180c0683c16030180c0683c16030180ccb11d816f5a7ace875003b8a70aa0df1b64d88b46e44b4753d22359d888453b011567eab6d92cae81b2c50f53d64a6a7d0ded1857034093851842c077dfd3d48a7d3086dd9b67f1973e6e79740308191b754b6b2fbbe0d2be4a0286fbfb343caa22e9b24872c0b6ed98f08592fb176f8dd57e73d65f8d555255674759c6105bfb458b4955fabd1de6ea1b1a91109b94b303a8a6221573ebe3c5236ab5c4e09373931a9be1b0c0683c16030180c0683c16030180c86e558bc70b46027114a762356df0bc41a603911786273cb4e22941e4576f6063d8d97ed8e0cabb6a9b5941f37249f369a9b5bb16bcb66d4a512283921844225442c1fc73ffaf86932fc960dbc0b865f411b7e651f0dc78ea126d58496f63684632114e6e771e3d265ca32846295c956041a4d34a1afab1335e1120a3c27865f894b2a408cbe33e36318191981ebba08317c88152118c3afc16030180c0683c16030180c0683c1f074223b06d8556f02cbd98d08b5ec40b4a6033ee240c886ebfb70fc0cace214b2136781ec0d44d40254b16d6a9ba26ce9202f7793b83c1eae6b6947aab61e8ee52362b9b0b233b87efddaaab4407e0688a0c47908851c7e4da2b5792dd6addd84d6d636d43736a2a9b55919714b945eb09c5a42507470e229343737a1a12e89442c86582c81583c86483c826834cc38c5d8bbc8c26c30180c0683c16030180c0683c16030189e6af44e02810157ec878e13e76744ef3450de3dc0a51fd74ad15b92c7f57adf62c82a2f2af579bca4c2ba0ce7d935981a9fc2adab9770e5d2399cbf741e5786865498a770c5affeace0a0a37d137aba0728dc1c6e0c5f455b77abb2a49f7eef43b84517ae1d522b8525641e51d4367463fbda4e78d383b832388a42288a52284f3faedafec1cfe7184eaf240e56c5ae7ecc8a5f83c16030180c0683c16030180c0683e15121f64579999b60955ce49d1638ed07e1c45be1fb3e4a722e6cc32d1650f23d60e214ac99e3cabfcf7f8e987365f782903606bb48e0d9e75e415f7b232276019e03862d22c4b361af54362f3f5548912d0a8f822c25e0d835686f6f40ae308e8b174f6168e82642b64df150a014f85282d5bfb64501fb2e72993964e727919b4b233f5f403e9385e7c94a626d145dbacfafc16030180c0683c16030180c0683c160785a515647fd95c8760d7af7001bb2e5ac6cf5109215bd7e112815e0945cedc4d4bbc4cc18b67338f5c91bf8c96b7f8e1fbff603fce447dfc3eb3ffd09aeddb8850b576f3c4d865f6df0ad385956adddd4f4382e5c3889d9b969944a7aa974c952e2e4a71881e9bf6451b8963a67db125ef6d3f0e14b2528e4bcc3f062f065e52d5a591ca46930180c0683c16030180c0683c16030180cdadea8bf89cd51560257ec877ec9e32f5fadde155731fa067e7cf86e0e539383b8357a1337876e60787818a3a3c3f8e0fd0fd0ded95d15dbd34459a840019e378f1b37ae239775e1b9a5b2e176654225faf16471b505cf8a21d9d081aefef558b36e137a7afa108fc7b53f31105bacb6f2ca5f83c16030180c0683c16030180c0683c160b81bb2307579c4a649a76c9b629b4c00e1067e4d22e424209b41584e18c944189dadf54fd31ebf1ad94b63c1f01bf251f24bb0291031fa8642fcb442d8737837429e8f536f1f53822e56d96e8b08a3a6be039bd70fc00965e0fa162289146c5998cdc867660671f5f26964b379789e4ec72aefdd51bd8c7bf561f6f835180c0683c16030180c0683c16030181e157a8f5f6d4f9315bc79bb05d18e037012edf04a21783ce5ca2e027e81ffb3b0a74e213c7352f9d73bf6064e6c8c3e7c278597bef465ace9ef45a854841d2aa158cc231a06de7bfbdda7d3f05b591a4d01955c7e5260a528ac5094c2059e392286df224ebdfd9e32fcba96ae108122447d7337b66e1c00bc590c0e8de0d6c818c2d11ab4b5f5a2a9cec2ccc4206edc1844a1e0b33265d5af31fc1a0c0683c16030180c0683c16030180c4f33cb197e23edfbe1c4dbe121a4ec92be9c58c1f01b5828e5056f42de0322f1241cdb563b14785e016e2187702c0c9fbff592d4a788c0e81bec8f618b61561db837a3ac8477b3198c0ddfc2b5ab577073f03a72b93466666630323c8a42a180baba3a44a3d1720883c16030180c0683c16030180c0683c1607818f87a470312b22c14b259e46667e0e5d3f08a7978a512f2f93c1c4b96793ed554175f0cbf2e25e62254d21b268b055e3ec597acfc15170e95e0a76771edd2058c8c8ca9ad2284103ff3e979b8858232fa5a14bcc16030180c0683c16030180c0683c160303c0cc40a29ce0b59c88bd1d78ae2b92f7e0d870e3c839a7011f52dcdf8cdfffc3fc7fff6bffa3bd8b071cdd36ef815e4ad7916ecf232eb8052c9e35fbd5f8618848315c2caaace73a190ec091c52e11c2b4c6741de0be7d24b418cc54e048eeda86d1e8258c41a1f58e4571f924383c16030180c0683c16030180c0683c1f068295b0bcb3b10f8fc2c7f537f853b196d5568b143da368a74976fdc80ebfa78e9e861bcfdc64ff14ffed9ef62db33bb8de157d0fb6294055bd27bf216fdf231470cbe45589618823d9e0e51a821f569f17cc9f3e0bb2e5cfa977d38107650b21df5b2388fc17d65e9356236180c0683c16030180c0683c16030189e7694c5512d0e1563afaf6c8c1a7e2f957716d01f8aaaaf109fdad2a8c3ca8be0323ec3c59bd0b37e27129687d1cb27917381d982f3f459248315b7b22172e0647934423642ea256cfc2d0293ad1de857b672b0785e042edb39c8ef546d3dd6acdb80d6d676d8e1286c8b611d1b894402f14814a14201aee7d26f48c521049529956830180c0683c16030180c0683c16030180c4bb93763adbcb8cd47a4e4e2c2890fb17fff5eec3db80f1f7ef8a1dadfb73655a7de43f6542e45d5567511910337e4209ca8512e128f23194fc0b11c449d0862b10492c9146a6aeb61f398c3636098926f2316af474b5b3fea1a5a182e81542a85f6f656a42261e42626e0e70b4c8355a0d2722555b11cabf40d0683c16030180c0683c16030180c0683e17e90d5bfc10a60a7e421eee650181dc45ffcf1bfc6bffe5ffe279cbd36848ceb607e6a023ffcb37f0fbba5b5eb77cafe9f0a8215b81a0b3e0f6cdab20d2d6d6d686d6a4473733362f118a2e108ea6b6ad1d2da82546d0d32d92cb2b93c10b250707d787e11f5f575686a6c464b4b2bda5adb95f1b7909ec1c8ad5b98cf14e0957cf1ce34f5febf6ad530530da9bfab8f78228170388c743a0ddf1363f5ca8892c91ec7423c114796f231180c0683c16030180c0683c16030180ccba3ec92624f937787a104cf4ac2a9e985e524f94b8ef0946cfd20ef1ef35d847263b0f2a32aac58e37c86d3b64d6d0296dd06e4fd6312526d1b215bd85a118984c9f0bb787d2aa120f4e2690bae47d1a8ed1d44a845cccf4c636e7a066ec947de2d2297cba9ad1f2c8bfe433efdcf636c7c10972e5dc0f8f8a83a3f3f3b8de19b5771f6d2558ccfe711b22d446ca94ba90db1fe4a5a4e394d83c16030180c0683c16030180c0683c160b837645701f559feeecbb6b5b6ad4cc0626fb44a0ebfdb3cafed9062140e6dd9b65f9f7f4a0884546df855065f12aade3999c85e19224ebfa457bfda56181e425a800a4bedfb2bd80ceba978c4a22e7b05ebbd36d4df20cd72486b954abcb1a91989780223a3a3281672e5a3cbe38b21bcbce2b7b1a911931393eabbc16030180c0683c16030180c0683c160b81db11196d48a5f1f962c38b55b10ed38023bd602af148287925a4c5af20a2815b3084d9d823373b21c5a87afde4856db19033ba53e2f364f6dd3d4e79f3ac4f0aa044321d825974e7faa3d7845f0da5c4b1fe5df0c20ae24e2f75901ca859460f5726afaf33d442c5f390b8cabe429e3a87c3a8c3f10b8c16030180c0683c16030180c0683c160303c28daaea96d9c4b11bba4d82aab97ae3e355404a20dbb2531f6968db2cb094baf0cb6110a391498ad0cbdb2ba377012d6924f0616abbc27c65e12ac86ade6a913b6c16030180c0683c16030180c0683c1607868e89d7b656b07fd3bb0712a1b6549db38e59438638b1464d364712b51d2fb62c83ebf15644fe0a2fa5ca06a69b520c6dfe50cc00683c16030180c0683c16030180c0683c170afa86d1cee1363f85dc2e255bfda82bed8adc49dfd48bc8133180c0683c16030180c0683c16030180c86fba56a09ea0a546c94cb5b290d0683c16030180c0683c16030180c0683c1b06ab8bbd17731c6f06b30180c0683c16030180c0683c16030180cab9a60256f40f07ba9abb0f897c16030180c0683c16030180c0683c16030189e788ce1d76030180c0683c16030180c0683c16030183e67589565c0abc9190c0683c16030180c0683c16030180c06836125fc90762b618542213ca8fbb4ac1c9731fe1a0c0683c16030180c0683c16030180c0643c04a16d3958cbff41facb2bd7f170ad99fcaad1cd7c3332e1b0c0683c16030180c0683c16030180c06c3e70165492de9ef77c322f2e7815cb581f67edddde232180c0683c16030180c0683c16030180c06c38361854262747d50b7d8587b7f6e715c96b578a56fb533180c0683c16030180c0683c16030180c06c3bd63f9be870775a552e981dddde213429636fa1ae3afc16030180c0683c16030180c0683c16030dc3bb22dc4aac6187d0d0683c16030180c0683c16030180c0683e1fe58f5865f83c16030180c0683c16030180c0683c16030dc1fc6f06b30180c06c35383bfc4ad6ee4999f6a6730180c0683c16030180c867b67151b7e99b592b14b1b0c0683c16030180c0683c16030180c06c3fdb24a2dab92ad206bc6f86b787a59bada2d70bebc20711977bf3c6838c383515d5746ee9f1d4bdbcfc3e051c4f930b8737efc4579ae76ab156925a6a5180c0683c16030180c06c38361acaa06c31346c9af98414aa5d5ffa8b6c16078dce86d1dee66e05d7a5362e96f83c16030180c0683c160303c5918c3afc1709fac16438815d2661c31fe0606e06a43cd4af9ac3e1ec4f134f1284b2c71df4bfc2bd597e1c925a8fb30ab3651f010c9e610cbe4e0b84575feb1e23367659db3a86621df57ee4e04faf8386e2e794c5b9c64db6030180c0683c16030180c0f8e31fc1a0c2bb09c316e3519e7242f253ab7e8aacf6a03f0ddf07d0f4ed881edd8e52386474d28145aa823a92fe17118d55613411b7b54edea51c6bd128952087db11a1cee59877d1d7d6874a2e5339f3d76c886633908f92158a5b0fa0cf118cfa8f36204ae466e04053783a48ff05c577dff2c6f1005f5e549fa9ea7be0b41dea41d190c0683c16030180c0683e1de30865f836105c428522a06c6133615bff4991a400431812c75ccc4c277311b46a351d4d737a0bbbb1b0dfc746c7bc148b25c7ee558241c41a150a42b948fde1d597d17b8878fcf78b55b4a75ba7772f78a92e112aac33f489c010b7554a6daf02806ab50c852f5d5dcd4aceaabb6b676517d3d3c448ed5eee926a897a5f5f369581a276b5a397845d486c3d8dabf066bdbda1197be63515ddc4b7ddcc9ffd27395f3a2b3eca59493cb7bc1f360456268eee8406d6303ecb08352c9a31ede2e05d1be400345275b5b5bd1dbd7ab74d4526578f404f9f74b6c0f4e0435750d686c6e46135d241a567e24270fb3a5180c0683c16030180c06c3e719bbb5adf777cadf571d153bc8ed9354c3c3279e48201c0e239d4ec3f7f44aaf95901a09565ec5137164b359f57d25aa576989212c3096acb6d55b921b71363317828578b816f5350d701c0bf95c06214b8c2ada787abf047157bbfbc5679e4ae5d0218bb28fc7d1dbd38323478ee0d0a143c8e6b2181d1d63fd5556ca09d5e9891147eaacb9b9098eeda830964476174a8c404c4cd5713d3ca813e5485932fda54c70fc6e2cef4dca2535564d603a9294f4394923085f9ddef2710604f154c7bf386e6d80936f21d8d4a1643281fefe7e1c3d7a14070e1cc4e4c41426a7a6e1ab7d9b75b8dbf3fb202c8de3ce2579b45464529d2f69fb09ea6f7d7d3d22ec778ac5e2c24ae8878536b63fdab22b63a572a2c33e122c427ba206ed2dcd989e9ac2958951cc8b081671b73c2d9683689384d0a1969351f98ce483dfc5873897edbaa5b3035ffadaabd8b6631b5cf6eb99dc3cdbfc3c7df9948dcd30b7e7456e4eecdbb70f2fbffc0a92bc2ecccdcf215f28dcd6af3c6ca4bd489ea2d48bb56b37aa7eedf0e103d8be6d0be667a630cebe8d1e969580c16030180c0683c160303c09289b83ccc3388794d98d6725e1d4f4c27292fca5e73b214b26779c7ff92e42b93158f9d172d8cafc2df876371bc6536af8d58608bf242b0c3dc62e8f5e33310a76c128c9e3223199cc57a6d1daa9303c275371d98730c89d2ca25a587f25ab3255f8db1dffaf4a5632fc06c6936a234ab53125168f2197cd957f55581a4608563f06c8afeaf38f8a3ba550592567c32a45949347a1ed5212cfeefa125edcfd3cb6b4756172781853993994ec2a39a8bfd4a792ac468bb25d4611a56b8834a125d98a96443b9a136d684c342325f28d5067285b4f8c5c129af1540c4715c7ff8b08fcc8193f64c1f57c249249f4f7f5e2c0fefd68696ec1e4d414ae5fbf8e898971b8b29d802a9368af2e17e87ce6d18fd660dd9ee7b1fff92fa2a9a30b23a363ca102469044e32b0344f4ab7f929dc66c75a84f89476228630ed28317daa4c501e7d54daa10e25bfadf2d1a06d89ac758c817f1582bfe55fb9532cbba550daca87b84288f5136f42aca5074ecb00ac0676ac0d6b505b578770a88802eb442293fc4afc12c60bd9c85a71841bba90ec1840a9ae07a81f40a4a103b19a18c3e4105ab4876b552e7ce6917997fcc963ebb5b5f5e81fe8c7914387914aa530363681abd7ae61667abacae0a97a8f3281c13438773b417f5569435a17438820ca7311a50752a6e5a4a3b9fdcc526907f91027c7e5b7d25ef6790edb89c3235adb54397486f827a02a1efa05d8564a366a638dd8b5613ff66fdf87b6640d66a72691cf519ee2957f54fc65f7e9594e964b8f05e50e9c4e3954128dacfcd365ab38f9675199eb18646d3886f53575d8d8d28caec62638050f5e3e0fdbf550f48ac8f1da21abbeb54eaad81639413e638c6b209e4427e552a44cf34597b9b511f54b68083be8adab473d8ffbf90275b41c13ff4b2db8966e49d2bee458d871509baa4133f3b479f326f6d7114c8c8f2347598b7668ddd16d69017e8d466cd567b577f6a0bd772db29959e4e7a7d4b541d279f8582c0bf5c38e60edfa0df8ca175f42777b0bb2e969b69129b6951b98a08e54bfa24efa8daa5c1b0c0683c16030180c06c3aa47cfd56432a36d150fd3f02bdfc5551d7a5a0dbf36a3b445bc4ad06abacfc978389c40aab60ef1544ced7d5a94c76425139c604b565476423e27a7624c927fdadc1189c751c789b5430f2ec3a84aaaaa8ca5ac7ce6f1526df8755d314cea7284231144e864a5a8e37062ce02c88a30f9b4f95b568d8a01cab6ed454efccaa72a70b90a975bd17727593d2c564a4119ce98255fed7b1985eda7a81209ea441811d4e395ddbf828d756bd19ecd62f0ca258cb833285ada585289538705c3c1ab4147a21d87d6ecc3818d87b1879f3bd71cc0b6815de8ec69462ce5203d9fc6dcdc2c285029fca2461ab0f450e0c757b20a21168b61ebd66d78f1851710675d7cf0e187f8f9cf7f8ee15bb750f4f5aa3cf12b7a2d46404bf2564aa28018dc543bfa0ebe0aabbe1be97c1e57af5d4221334dff62ac55d1eb4ffd55b50f8f5fc449ed89c9e7ce669f723c55544b4b08caa33b24d641396e59696df347f05ba8eed8e4986eb1017244c72e6eb121544c44797e6a3f3976a635dd3bb0f5856fa0ffc857d1b6e38be8daf555ecded6073b378cf19151b5a7a9a7e4a0532f862298b59ab0fee097b0f32bbf8ad66d2fa07ddbabd8f0cc7ef4f6376064f02af233532a6d4df04d4cc79232cbc20e3bc63e62d733cfe0b9a3cf328d02de79f718de7cf32d4c4c4cc0f7e997f9befdf1fb20aea5c72b046774792dc665f36f0a0dc94ef436d62169f9c816f24a0ad29789af851c4a9a8c60b12e0b0bb1d22dade9ca31a927bb144663aa156dcd8db0d92e5cea930a5d55671246b733e973234c3302a7e4a025d187235bbe84f644234233d3181d1a44363fafea5b74ede112441894adba5c72ac5aa70202b92cc94cd54f2997e86c9cf1ed6868c1afaed98c43fd6bd0dd50835af67d4df114069adbd0e03998c8cc63bc54542bf5256631164b54e244df05f9902d661ad8807e63eb3e1cd9b81d8369ca6666962938a8e1df5dad1df8dade0368f32c0c0f0d216fe955bbaa14fc7455a52acda3a3de67f3b876e932a6c6c7515393c4e6cd1bd5562f83376fb09f977207050a3e190f75727c7c0c83d7aec077a2685bb309ebfa3a519a1fc5d4d4340a0fbd82a43e2ce6dd4638d9805ddbb7617d7f37ce1eff003fface9fe2d8b10f3032394db5b255dfa2fa8772161e764e0c0683c16030180c0683e151a2e63232672ecfdb1ea6e137a0fad0536af8e56457042cf173165e2a45114b36a2b5bd151b366e407b670b52c91446866ea949f88230e58f4caad524d5e1717939560c5dddbde8efee8457482393cda8c9f79db8f3d9c747b5e15756a5ca8ba7640b005931e6f0b85848b59188fff829e7c49814ac1593efd54e8ce76a6f488a4c0c0982f89395d65a9ae5f8e81e17aa4e89459d90b588b2aa4eccf9b69fe7ef129d875c7e18976f9cc0c9c13398b58bac5fbd6a4f74c3663831808914ac9283faba7a1cd8b4195bbaba902ecce1e6c40d0c8eddc4ad899b189ba19bba85c9c929b5629791a8462bd21353ad9222e30d313ef95eedb4e4c420c6dc59363a3aba7060ff1ed4261338f6d6cff0d1871f629ef526b254abf1ca1d882d75c87a7318a7724cd6b1e4e6451ac5cc30462f9fc2f0b50bf459509d85389514112d17a396fe0c369990b8f4e7824712ac8ad4ed431b72ab51e7aad02b06a927e538c57f91f9129947984791b1a712a7937d7f173931cc6ae3a0365407714b9d484af28ff909c92ac9828a5fa7ef20ea4459fe10e6e4b1f1b159ea7b0a0dce2c2e9f7e1be3c3a38cde87cb34d53a5915adec370ad4d5d62033378529d65d66d6475b7d1cc5d91b387ffc4394b2fab179095059e52c21a565301f96839ebe5e1c3c700061c6fdf39ffe08a74e9e424eb647a13f2f680fea290159252ce1e5bb3c5910fc0e642e65a76cd4aa4e910523907c8a38d54a5a87f24b61f7a63d787eef76d8c579dc1c1f43b124b210af95b8749e45e3252d1d8d82f1eb5f949a922743328c82f1874262bce5c5072e22a506ecdc7c0487f63e039ffddfc4a46c3352952fa28ce8fc2ed25075c37a295979556ea9c799f430aedc3c851b1383c8b1bc2ee520f5aa836bd9e8fc96c3abe38b9163caadb83a37a0fab74844ca25bf259dca59adf72a06f537381ef85e703c10655fd95b9bc2f3dbb7a2997de8e0e00dcce70ad43ce0caad5b6a657e734303867273b8959959c8a3c460f17bd007a81819a1943dc66387d7ac4724e2e0ddcbe7312ddbccc82a693b8c4dadad68afabc5d828e5c6ba9d725813ec67a56f503768a4cd486cac23c196fa667cb3737318a5fff68e6e0c0cacc1ec7c1aa38ca3a4fa66495fc2052594bfcc4bb188d1c959e458efeb067a511f0f6368649c61efbcb5cfbd52e937f883e59315f6b1641d36aced47436d02a78e7f8ceb972fc2a53f2f1466131179e9f205e8dc1a0c0683c16030180c06c39381ccbff59c59cf73efc7f05b3d3f0d90ef2ace2aaa7f3e85865f314a50782199968b69268a58ac15fdfd9bd1d6de84b9cc149c308f974a181dbca50c0032cf14212a6304bfa8b7a32b939f83da8626b4b575213b3f8599b19bc8c823fc9c9cde8925f5b16a586af80d8cb296acdaa53cf2f9bcda87b3502ca0e8bacac95bd765efc7e077e0c4d0eb16c5785c5a7082ac90abaecf208dc785e444ccae617e8b502f644da25d72e1948aace70c4626cfe0f4cdf7706efa1266ec1c5cb181a9fa95d58e624a14d39e8f90ef2112b1d1d4da8c5dfd3dc0dc38de3ef506debff21e2e0e9ec5f9eb2731327e0393e3623499a34c1987257aa6752b9088c8427eaf24113194599138b66ddd8aad9bd7e1fcd993f8e4fd7791c964191f4ba1562e132aad55f2112e15a8e12c173b8c08138b7b3eace20ca6c63ec2f09563c80c5f63e205f89618dca475e8f4a584117e578662662eccb012736008d679ac36c49573ac8c32124750224de02b401bba740b1443b218ac64a5a2187d2394bf180b65e5ad968c1822c588a5cde382d49484917c50682a3665f4e569c99fdc7808491b0fe5551a725ecae0cf4d61e2e6258c5c3a8de19bb7d0c1b6db565fc4b953ef62667c52d57fb0e257e251bae117911ebb8e91cb9f60e8d279646632d8bd792df2334338f9c1bb887ad297e8bc4ab9c5682cff2451319787a331ecdefd0cd6aee9c7c7acabd3c73f562fd60bb1be24efcc38c352f292c905f4b1205e716a45309d3c712069481ed5cbf018d05632d05b8d24508fcd7d5bd0596be3c6c513189e9e4691170d31de4b786588a56fb921c0bf0caee5a764296996cf8bd367e854e6e4b86845829f59ca2acb143bb1a1f7205a6a23b872f1a4dad356979f31a9f874bc7a6b0e8fa9b19c76866598c5bc3b8b9b1383b8387c06b7e66e2247452b88d19deda29caa84567f2b94235d42e5e892f3e5b6aa0dd88bffc97ffd274843afdeade8b94847c2977d9583886fe9cf446e4ec9428365e3605f0f7a5b5b70eec6159cb97a15f1641326f359bc7ff12c22b108da9b5bd4cadde159ca470cde2a159d0f8977a19494bdcbdfa9580c7bd6ae83cb7ee8bdcbe791665f2a86d1a648145bbb3bd9d758b87aeb26aecc4f63266cb37e2959e647c206ba2bed5f6296f18218f73dd7c3cc6c16ae6fa1b77f0ddadbdb71e6d449140b9555f11abd425bc2497ee6b3454cd335d6d5a1bf97d7babc8b9b4337d9c72fe4fa8151f5a0bf106dbc8ec45358d7df8ba6fa14ae5fb98011a655b22274726b8e3955fa5921c8b5c16030180c0683c160303c09a8b9b7ccb139b711bbcafd187e579a01a938aba8fef9141a7e83096e98f1c728cc28fad7f4a1ae3e81f1f161f5d87b6d733de0f9981aa160f92921d4e45c39651a43511ea90ea7d0d1d28854d4c3c8e84dcccccf42ef28aa8d052b515d01ab896ac36fc99755ad3aa716154e56ee8a31d753abc39444caaeec877e9501a9ec024459d556102a1c439482709aa5fe3f4b16568bca2a324b4c237134d7acc1baae9de86bee4157630fdaebfad152d704bf380db720abb95996b2715519b4d5b60afccd68a29146f4766dc5a6c65ecc5f1ac5b5c121b55a34ecc93ea862e2f0e1fa45b5c343381256c63031d28821439bcac498a462e6277f2fe3c49058dbd0881d3bb6a95584c73f7c0f43d7aeb202c2b0956144c7a7626164b26766d1a94343cf0eb4aedb8b546b1f6abafa10ebe8613c2d081533f08a05c83b9b6c66365cf211295908335cc84e028916441bfa9068df8cdaee8d0cbb01d1964e1e4f225ff0507065e5a7986cca94d396d256ff5b8a746682ace2f34229c43bfad0b46e27f2fc5e74ea11ed5e8f54df66d474ae4728d184b95c9aba971365441111e4424978f4b77edb33686c6ec5d4e4247c4f56683bb20e155eb4162ddd7d68eeea605b0da917d8954dd7282ac39b8f587d17fad66f45d299c7a533ef22333dcbd02114cbb29632c90a60957feab1f404c5928d8eee6d58bf760093c35770f1e4078895fb0441f5112a247f331d49b3a9b90d3b77ed442211c57befbc85a9d111849c08fd6aa9493d4940b6149651562d47117663a877da30d0b8016b1b3660035d4f6d27da63cd88320f7ea148e1317c89f5ee25d1c28bc4dad66d585bbf19eb1b37614beb66b4395184e60a6848f5a0a3612de3ea467bb211999939f5922e8bb297f04e298154a405034d9be8d6a09771355a8d881792e8a8673b68eea51c28975c010ef3d5d1d0830ded1bd15fbf8579db8e2d1ddbd0e8d400b325b4ca16130dbde86ae8e0f706e4e63208319f4e2989a8578bcd1d3bb1a96d33066abb19762dd31a40433405bb90a71e7a65a3af923c1ddb24cbeaf8719639c5bcf760807258d7b80e6bea07d041ddac91ad4b64f529fb69317e6bf92b71320a8bbae0202f06f158039afa36a0ad6f1d9c541d3285025cb7a0da9fa4255b7ae41857bca907cdfd5b50df398002dbf95c8eed83ed824d42a16a598cedaa1f5366733447a338b0768d6ad7272e5d605f01ac69efc63075f6c4f84d646d1bb251c3d5d9298c66b36adb0dd131b90923fbf40ed424b1a5b1019bf8d9c57e21ccf6d81ab6b1b7af5ff5c5ef5fb984ac7424a5085aa331ece9ec419cba357aeb3ae28e859ee666acabab4537f31191fda6453754df22666b250df643d42ffef6d9cfcdcece63d386f5e8686dc1c58be7d4feb91a119af48b94238389564bcb96fe596ef84599a7f5eb372147990c5dbba26ef805611e9485be41b505b6312b023b12435f77073adb9b7193e90c0f5e57b70c5cea832a0d33b7e81a53fe34180c0683c16030180c8627013d5fe51fce0bc596600cbf0a29f6c34222b519a5acda4dc07122686a4d6278e42a868787902de6d1d5d70db1844ddebca53ec5302346422d489713e222ff4651d7d48faeb61a64a7af616c6a1c793104aa89b2360cae447505ac26567ab99bac4e15c3afaceed58811413b418cbe2b21e102a3b1b09a0cbfaa3e4bb2524e56cc4561879bb1b9fb59bcb0ebcbd8d8b51eebda37f3f77ef4377761ead6494ccf8dc30d45b5618461c566944824d1d3d387c6d636b436ac4377f34e6caeed418797423496447d5d233a1adbd1ddd281a25bc47c3ecd80d420a52bdaf81c34fa7b316688e1b7ada30bdbb76e45319fc1b9d327313b39a1642ca1245631a6881eca7e99c5500c5eb215ebf7ff32361efa2a523dfd68ddb403ed9b0ea0bdad0bd3836790999a62c48e5a119c6015cb2a465b0cdcf166d4f7ed44df33afa075cb7368dbb80f4deb9f4153ef3ad4b03c4c023353936c1245d8aa5e250b95babd1381e1b72006dc480b7af73c8b8d475f45de6940a26d3dbaf71c45ebf683e8deb8174d9d6b502cce6172f2a6da1e205f72900bb5c2aae9c0d77ef557d0dad981e31f7f24c261bea3c89662b01bbab163ff41acdbb20593d3b3181d1f572b06a5eec479ac839ad601f46dd801144770fde247c8cea7d5aae160c5afb46279145d64eeb3ac05e6dab31358b37e0f7a98e6f0f5d318bc720e94b0967cb92e75d978443a69d6416fdf00366dde88b999599c677d65e66698d1b032c68910558d89a19dce2bd888876ad19ce8c5810dcfe1e09aa3d8d3b117dbdb77607bdb46ac6fee4643b20eb9cc1ce6e725471144dc3aacefda8d239b5fc10efadddcb21d5dd14ed49598766d07fa3a76626ddb666c6d5b8b96440d2e5f3eaff6225746773f86ba6437f66e781687373c8f5d5d7bb0b579237a53fd68b45bb1b6731d36f46f4076660e5313638852af37f7efc4d1cd5fc6e6d623749bd1196b44d2ab4577ed5aac6bde84f5adebe97a99561d6e5cbd8a5241cca3b548945af0f28e6fb04c07b1a3692376b6efc4aecedd6889d5606a7410f319d9df57644899485b906d254a1144ad3af4b56cc6fe75cfe1c09ae7b0bb631776b66dc1bad63e74d436c1cb6530373badea48ea4ddfd0917a73d40bfd0a760ab1d67eecfbc22f60fdae7d483636638675303d3dc2f8c5b34d7f35c884eab161ef8bd8faec57d1b7997a118d62746214b9fc1cf322fd216b4abc2fac74955666a1c176f04c6f376cf69397466fc16106d634b5e1eafc144ee42630922be2fc043fd9afcac62379b655b98a3433ecaed6763c3fd08fa3dd1dd8ddd488cdf575a88f8629ab12d6b04f1961fbfae4e635e424252b82f64802877afb1075f3703333d8dadb8b5d1d0cdbd1896d0d4d48d921643369cc17f2c8a99b59cc2bf540ef8dab754d0cdebd3d5de861b8115ef3866edc5072977e43958a85544f0e880cf95d49c8cff3fa904457ff7a8429e7d1eb97d5d611777bbae56e04696ac1cafa7aea0aafc962f8eded6cc5cd6b973078fd2af3c1b641a7917a288723956f0683c16030180c0683c1b0fa51d35099d370fe2a73b6476df8fd74b3b6271659ef5744a924abb9326a4fc6d1e131148b25389c5ccabe8bca172515b80af2387d0cf164022dad29144a3e6ecd6690932771e9511b369f1eee64f45dfdf86c0d62d673d5960870a77163e6147e7ef935fce4cccff1b333ef613a348f39c7c760da43d68f411e4556cd863a22c691fafa466cdab20d7bf61ec1d6ad5bd1da9244da2ac2ee6cc2ba5d3bb163f75e3cb37f2f366cdf8c445d52192c4a620cff14728b84638844c2989b9b57db6f88d157f66396d70a8a292ad05787c7a45c91fc1466aebc894beffd19cebefb339cfdf07d163dad6e5f4ccc96d403fb05c746dab631c3cf59278679a716b54d1dd8b461237a9b93280c9fc6f9f7bf87d36f7f1b974ebf8d68c4c3b66d5bd80e9294a2c8e2f68ee6eee876e6442dc4e36138b68bdea6045ac32ea6ce7d82cb6fbf8ea92bd7d05adb88bdfbf622515b273546c480e5a0b9a9931d63586d9de1166585bade7e459c1c4fd6d4f27811b94c466f8540c184fcb0a4a85c3c594b5926904e675050ab1735ba1cdae01bdc9850c65ff96d3ba86b6882c7763e3d355d36b857f515ea97465ec6257fe5457c61e6676a4af676d65ba8a87d7017d03a15f26d860823e644b17df3266cded28b99c24dbc73e9757cffe4f7f0938b6fe262e616eafb5bd1b5a68f72638ea89fae3d8541eaed7b977e8ad7cffe081f0fbe8de1d2355ccb9cc4db57be8fef9ff9637cefdcb7f1ed33df51718cb2df4bdb16cb1045d4aec1f60ddbb06dcb06e4fd691cbff23edebdf42e6ea68750dbdd88dae61a148a6c039929ca2507d7c9e2fae465bc75fec7f8d9d93fc5f1c1f7305218c1b5b9d378f3d277f083337fa2d2fadef91faab446bc09ccd873c859336c1763f8f0c69bf8d1a9efe37ba77f82b7af7f8c316b9e6d2c83a9dc2c2f7665a3ad20371f98bf889f445f4b2f766fdb81b6ce5af6b5e7f116e3fdc9b937717ef216525d3dd8c9b6579b6a81ed85a8efa2f772fd14f9cafedbb28d4b0109e411a7cec7dc39f53d42ed97f6a16b55ef051db564cd6f1631ca21e6cf22697b885bb24d8a5e4dbc14556bbe07cf2b623693432a12c5ae8e6eacad4d815203b2694442bc5e505702c73f6a0b069bfd485f6b2bf6acdfc876d684d36313f8f1d56b787364147e63339a7b7a949e64e76659166a3bf52cc22c24c20e52e13042747e7d2d2e328dd7af5fc33b376f628cada2b56f006dcd2df42bebc77d19475451d1b9f99959b59d436d6d2d7f69fdd35eb53eeb6d82453adad82adbdfb86c2373b93cc2d108625169479f9eea7e43fa2fb941282f5515275856799f78f9ce328953032083c16030180c0683c16030dc134fe9cbdd244697135f79a1958b2227b49e18854ab65a15d8d9dd8192eb616268847ef48a5f41feca0aa79013435d63139a9beb50f0f262b9522b3beb6a64122d8fc5cadeb63271957c07ae32595dadd3d67b59f1ab0c18c1f14a05ad888413b7ba56fc4a5ee43e8ad485ac1e937d5c3de63183b1e238aecddcc095c1414ccccc62d3d64d9877e771ece4c7c83080dc32505b2930cfaa4cac67cf73303e3e87f47c0189701c2e75e2fcf56b387bf51286464730383e84ebb7ae62687c10b96246197ec5c815ec51ab9cca5705c9db728821a6a9a50debd6aec3dccc24866e5c452e3b07d797157d7a35ab18cd0431db88e1d729cea2307d03d343d770f3f220f2d4ed816d7dace7199cfbe4240a2c876b7bc8b15c59ea772e948095641aeb37634d6f2f6e5e3c898fdefa0b5cbdf011c6062f6074f41a3c3707b09c4337aef323a78c6dba144b4bb23c7a3dad8322db5ba4b61e7deb0790aa4b61e6ca455c7fff4d5c3b7712a3d7ae20379f4777672f1aea2d5cbe741c99b96978a5308a68c2c0fa6d1858db85eb0c7393ce96383d9b2ddb41bca1053bb66f41313b852be7cec0a54edbbe18e1a2948a7e89546bef76740c6cc5e4f059dcba7692e52852eec18a60bddfab5484fc1623bfc77ab3638dd8bcfd28e23107174e1d43667a5419c5a444957ad4b5276a22ab7a3bbaba3030d08ff1b1510c0fde403e9fa5ee489c524f92a2f43db26b7804113f8ec654030eedd9ad5639bff9de8f70eac6719c9b3c8f2b13acbfd951644a19eae60826a687e1214319e630951fc7c8d42d5c1bbf8970c242a33cc530f321de3dfb5dbc37720227a72ee0c2f845dc488f206d8750a00c2da4d0d1d089679f39807c6616ef1f7f13a72e1fc7c5d10bb835338e444d0dda3b9b30353d824b836731539840917a32919bc3cdc973189c3ca356b5373435e1faf471bc77fefb3835fa094e4f9cc1c5a92bb8313b487dca235bcac18f782858190c530faf4f5dc315ba7c1868e9e9c3c8ec102e50feb950116e485e3c2872912d1e12a88bb460d7c61de8696bc7a5ab2770ecd4db383d740e6747af6378761e4d9d5d68625f3c32720b93b282d7922d0e1807db97962c615fe6b1dd65672630357c0337ae9cc5d8cdabf00b796584d52fb313ff7293601ab393c318b97e01372f9d56fe6df60db27656191d25beb28a3bace030e38eb25f4c5a61ac696d414f328ece780cb5f43b5c98c70dd90fbdc8f8952ec91fad27e1b08517d76ec0ba643d4e5fbb8ab72f5ec4c7631338333383b962116bfbfad1e84470e9d265b545846f87d5f62bfdf50dd8ddd18649b6f9776e5ec1078343acdb690c4dcd201c4daaeb523a93a66ca631ef4bdf4659526f256d2d11ad715d1d1d18e8efc3f4e438ce9d3fabce498f21c8cd23f5c932c85303ecad10613f124dd5a3736033eaa8fbb7ae9dc1e8e424fd06ab70ef0d31ecab761238a6aba5a26f88c9561f899a7a6cdbbc01b53531f639e730363ca85602cb8a65ed53ca50710683c16030180c0683c1f024217321b129c93c4d664466c5ef23436fc7202b25b591b6bc1aaa6ca0ac46ade42b4bad20b6be481c0d8df58858ae32fa241c4e5693b5686aed454fcf001a393997155a9f47c4486bb36c7733faca6a3271a585c7a2572921a96f8ff55b846dfb48b845443339b552b4b1be166d7609d6ec048a7e062e8aca76232b051d14d8788a984fa771e9d2257cf2c9698c5e9f44dc6f427a661c672efe101f9cfd11de3dff73bc79e6e778efca2718ce4e20ed14919717a995752a908e684bb5bb1356481eddd6f217dd956f629c519fca90e5d215e8f2aa5ca2ea055995584863de2a21d9d6c04ea484f9d97114dd34425e1e4ed147d88bc0f2538c340e3b9c442456c73822989a9dc34c3a0f4f6e8c489d66b3b871f6044e1c7b1bc5f9199de67d23615cb516d34d0cc08e35a19099c4e0f553981ebb8ca89b43d2f3313a3a8e892c25cf3c59a504f39840d48bb1483134d5b722e285909f98a0dc8b8894585e87f51409c18d3632eb0dc8e55ccccf6758cd9434e512b244262c622886544d18e1f02c6667c750607d97940157b7e9b0ea07b41303baac800cf97184ad186a6b1c14f333989b1b57378694019f3e05a93b8927248edf6515728832d4dbbfe87e465e04a8ea59e294dfea539ca5f68c8eb37fa98937c0cd969099cec062dd381ebb7f2f8be9a99bf8f8e4319cbb710e6986cd5a516aa1c4cd18fd0862be83b668020dac9359967bc697f4651f5f202c6d97fee48584e29f3d173a3a3720190d6374e82aae0c9ec57c710679afc0face60642aafeadbca0da3909b816bcbcd05aa93d2ad18ebae0e75b1386a29d3b9cc38664a59e4a8db5450e68c32b3f58a6975e348d2a7937623aba5f34e1d6a128d68931b679959cc514fb3124ad58d8f02fb56696575f55d68ad6f46696e1a37af9ec7ccec10dcd21c653e8dd1b98b3871e51d7c7ce57d4cfbd3aa5d1519de150361f9e687d46748d2cccde1da05eaec076fe3cad953c8cdcfaa3c05f5e0b0be1c3f8ff9f1415c38fe2e4e7df0166eddb8ac8cc64b910bb038a51d4c6f2ee4e1c4e4085ebf760d973d0f8586065875496cebeec5577afbb0a9867a2bbac97f59cba16e01fdd11a74a66a90cdcee3ece035dc60fea62c4fc960726c9cf5cdf8a92ed3b3f3f0252d918b1346a2b60639d6f8d5c9319ca1de4f53af3d7626d9bc6c239353372bea58764923b8f04bf902e4a64831e4a8bd74c5201cb6cb2ffd5b20909b469752b68d09537bf5761152a7612aed83b5fb32cca30fd9e73a8a9aba161c3afa328e3ef7325e7ef125bc7c741fbad8475dbb780ed7af5f63dfeb50679813ea8dc16030180c0683c1603018ee8fc5b3bca70635dd2f3b418c3b62d4d32b5a83ad1ef4c4b96c542132f986ed205ed3809a9a1ae4d353181fbc8ea1ab5771e5e215dcbc3585682489aef64ec4235186aa188daadd938a5ead2b2b83e348a692482413cbba783caefc55b32a1fcf2d1b7da5fec5d824969698eb22ea169481acae36854631a8ce4c523b6435a2a78cbef2f8b853cac3b17c6504297ab2cd420871a70ecd910ec0cd205db8847c780299c82cd29134e6c319649cbc324ee56d59d54879aa4c2cd68dbb39212486777563c187ebca4a65ea2e4f8a21460c35a2cbe2fc90abcae5c93f9e2b32c562348458430debd2c3dc8ceced9ba708f28830eeb01f81edc72996285c8a2357601c8ca977cd06ec397010bb9ed983febe75a8631ddb94537e760a214f1e9317393e8811480c757178893e84530d989f1946766608963b8bb09b46dc67ea4e04053b81a26b239f0921ec459581bae487515fdf827091659a64bb2bbacc4b0e855286326633ade980efd42293f190cbc8ebb484c0206eb119d7a8ed256c4b566a8fa9ad1e64a52842b2058018910319caa71883a51dc7108d52ef13360ac519cccfcbf60762a0d4064b8d484ccb43ad100dd94c23c2ef7a6564b198d38661b1f68a1f55a7fa33e453965618c59cac50f5d154db8c03bb0e62e7a61dd8d43780d6ba5a75b3a9e0a591619d65194796f1531ba9af744c56e4d3e0d0b18ce9f93ce6c558cfb463f417a11303b0680e3588e192686ae982e517303d29ab2a332888e99172f011a6ce24519255feb2d297f551108321cf893c64d575c992fd681368b0a94b9919c8e6214aaf5998c0305ae267987da6cd3e55ca18657869336ea41ea9441d1a0aac9bf4b4ba219163c6c4c02737453cb613d9d33555d38eba7802d9c911643353f0ad1c5d062531f05b333877e313bc7de20ddc9c19443e0214d82e2487c1deb3f22bccb8c2ac47319187a9ef1131ec2b337b05d924244209444b39c4d5ebe0e41582ec07c4c04957e279a9aa458e3a212b94d33c7f95e5f8f9d5cbf8c9f9f3b8303d851ce36f8ac5f03caf05fb7b3bd19c92bdc1a1f6f78d52307dc91ad4da11ccb20d4e170b98b3595fb2dd0afd587e0971caa144275b2b881c955c597fb1540a39378b5bb3939864ae738c435e4ca94a4a5947f93d9a2f52d53dd652a584227bb9aec90add822ff5287d88c33eacac1374b29f75d977d9e99b5c428112931b0c72d3c9e1297181effb468cbe523f25c9471889ba361c387414478e3e8fe78e1cc2fe9d5bd4161b37ae5dc1d8c4b4323a4b6a2a8f3a0683c16030180c0683c16030dc230f3c777bb2d1935945a96cd8559fd568d154f95444a371d4d6b52a9be1ccc43866a72791cb6630cf89f8e8d0454ccdce2092aa4732558b3067a9cabe239e554c817bf20856ee79beaf8c648542516d69b1ac9337cb3f0928434760d8975565b6323c298304bfd7a51a585b162658c78b29af4c94d59e60792913795bbe3cbe6d953228e4e6b54156dd48a02cc4b317a62e88635af42f068c07715a2b3562fc15e393ec172b8f74578ceb62c6a24f964342947c59a9cb73f2b22c445057d7cc309edaa3d6651e25acacc214839e3278f9f328a5473136741e63c39750d798c0e65dcf60c7e117b0f3d9af60dff3bf808ddb8e2055dbca94a817a2e30f8c8758dc4622e6203d3781cc5c1a7648ea44ea238c54aa49bd80319b99839767bebc82327ccb0ba06a1a1a59ae122627a6ca7bb03ad4bd30f534c2361a65f82c329919785e8ee774bbd32bd02dc4937588c613d46317f94c1e36eb2b422f627413192be3ad32724a387d73408c9e357535cab099cee8fd9505a9de4aab961591e26e7f045ef62b5dd82ea55c57dad82c71cbd63339d8760e33d911bc7fe25dcc17331858bf157bb63f8f67777c19afecfe3a5ed9fa32d6d7f5a1ce8d20ee39ca6827fbc56a23b305271a462c9150f599cee6999ed66d954131a4f3430c80622896d59e0d7549c09595c4c3653dd2f1c4c294619ce7782c9d4dc32bb769092b7bce8a1ecbfec8c9644ae9562e9da5ceb35ca267d2a6547faa9d181b952445cf42111e0b23e224515fd3a86438c73a1721aa95ec227fa922d53641bd88c0761cccce483db21ecac70591fb6c7a1ed3ac0b59ed2a65aed4c39da8c4a11183e812549f5df5b90cb26588ac881727e5cb528fa6c7784dc8e4706e7c14c72e5dc2a8eba2a3b51beb59d61a97d70f46273759ea781d913a93fda93dca58f2209b6fc8b924753be284912de4592eca55ab8a3256d7a712c8170b48e73294b5bee1e48b0197324ad8941fdb73ae9045b16aa57239f802a27f52cf822fcb8a15814c96ca46e0312577d16bed7f21d8834099ca4d2ad957d9f6a9ef1383f8fe77fe04dffe53ba6f7f1b6f1ffb0039d742cf9af5686a6dd341a44d2df46f0683c16030180c0683c160b857969be53d25c8645bcc561482329ec863d04b8d58b78bc7b1236ad55fa1e0219f9e43c82d2a63923c2a5c2aa6319fc920cf9822e1885a2d25abf8c4f8abd6bfddc188b0da51c62a96538c0d62f41583cd4a4eceaf6eb4114321068d92ac28d3c646792c5f1e31b74a0e52c97a6574999c9b565e65759cacacd5948dbf94897a0c99f185c3362c771e59ea85e7b9907d925d31fc1287f1499c56897e94d37af7204ef449722fc61e711e240fb222510c5862aa1483b068b69429ac0dbf74f2ddb222a8a9a953f539373fa3eb541954586a8b2e5440b89441283386895b97f0e1fb6fe0b5d77e88631f1cc3a56bb7e41559e8e8dd826d7b9e455fff469639cab00f8ec83312b1100dfbc8656691cf69236048f22dab0153b5b0994666661a96cf96c5c28b5d381c8f211c8bc3f57d4c4d4bfd483d8a3c6ae04412a8a98fb30e32c8cc4f2b6358d0f6a4cea4be22b104a291140ad9024ad4575b0c8e7eb0a29bedb62c6b418c54124e567ecacbb0c4e03e33370b8f6dfb4e48986a6cc75ea82f91bfd21f1e57c9307fbeaca44506e9e2148e9fff10afbffb26de78fb3d9c3d771d73a33e3a123dd8b7762ff6aed98dd6583da2be05874ef2193c061f8fb35cd1b8ea9f646f5965a0a3d3fa50d61deabc18fe6a6231c4c32194dc0c65cfbe8c7a202b94190a61db46432249fd28229dcfe9f2eb24784cc7958c2759ff623c2f312dd932877ac804e5257af4cdc4c430aa6fa668bd74549d221445428cf3c95a14d87f4a9f29fa2c7953e1ca4e62894422d4e292da12415ea226c5507aceb6286d77c1804927e9eb6f527fda2d450cd6924ee0745ad59f3caec2977f2c8bce9fdca0089cfc96a3313b4cfd8be0fad40c4e5dbf86ab93d3bc6684d1842892ac8728f535cacf64586ec2f8984be7943c23768cfac74fe6afa9b64e5d8f66e7b37aa52f75c6675962d49f6424aab76d994fc3621d89f1d8b7d97ea251d4446328ba79a40bb22d8b2e80ec31ad6f765408f65d1779c98d3ae9d3cb67ca9fcbc1be4b6eb85030628057b6ea3bfa5f1ed121e55876b5921e0514d313387ffa388e7ffc213efae813bcf7fe27181c9940cfc07ab53fb6bef122374ca4bde9fad5ce6030180c0683c16030180c77e3fe676e9f3bf4243e108518a282fd69058793ed009920cbe4573de6cad3a5f24a2d59916887e30c1b578fe38a7147d0aba99e7c118bf1c509ebb7d3cbcaab00313a2ce702642f60091ba65b9d4859a4ae1c449d146cd976c08fb29c61d85e08f1b0836c2983f1b9296d6862dd8af14a5673964ada981a7c26120d68a8ade1d91c3cb784a29f826b87d54ba6c498189597ac89fea8743f1d62542e168bdad893aa41341cd1c63665e09114e84a51ba08a2911afe96ef711e95d5b0361a1b6a98bf3ca666c7993f9e922a93d5dccac0e2aa95cbc9b86ca950c0fcc80dcc5ebd8089732771f19dd771fcc7dfc7f8d58ba8a53ed4d7a6281259c9f9e0669868d4467d8d18c10acaf02bc63d3624b8b22546a88844431d429130666666102ac8360c0c547451cbb4ed7008f98218d933cc795e4c4370bd18db68042d4d2914f37398999a846d337edd9c8918af6c869755f935989fcfaa9b15625cd486cf10dbadaf8c5bb2423708234e8c968d8dcd4ad6f3d3338888514ef64766bd8624df0c5791444522b2fadb659d25e209b5458c185543b2fa9679628bd19ec42029067865cf2c21e7cde1eae8791cbffe21deb9f8367e74ea35fce4c41b98f233a86f6b425d79b5b3f453521eddee2c24a20975d3299763b90a7adb06893364ebf362009655ce1226914cc1625f55281690a74c657b0fd911d7a39e8841bf2555ab6ee28ce7e650647d08f257df28d0c646f532c86c1669498b69487c725ee428fbcdba8582fa64c27098a632bab37e134c2719759071e7319f996116451262d0a5fc19bdb818e5257ae853570b05d631eb449595faecf87134441bb1be650dba6a5b91643b9415b1b21a7901965d1971cb4e6e1a48093ceab5af8cf6521a5dae0a521f0edb30eb87cd215492d5d2e50cb17d49c9e5c64084714499a7f57549ece86c476f228614fbfb04752dc2fa9517648a51359fcfa836674bffc9b289fcc3ec571271b956009902cba6ca1552ba2d3adec4ba1503ebd4ec240ad26750a6a22b8d8e18ccc3c833ef6230b7c42acc7c893eca4b259be235c8e73ccc50d7647b8f600b8700494356cb8bde882eca6fc9e7ca886c2827d14dc4d4752d12f59571b9288bdd29f38783de679f62529fd96c1ef3e97975ed88c762ea7ce0aa8a6330180c0683c16030180c867ba06c7578ba915551dad85b7e0cbbda7840d4aa4e4eead523b99c747b0517114edea3115971282b08b541d0b3c288c9445526e6c5825ac925137d8fd195d423b2e29e0cc4282028b9b0dc0e67e5523631e6561e0fbe33622c16e390f85fbaea6c35a057ff8973d44bc08a8512ebd3625e654f5220ea58c8168b98cd64d44bbde4f1f4b013853cba6edbfc1d495036da081ce639792c3de4cd2193cfa995b15e28a656ecc9cab658c84784ad4d19c4e8166c49f7e9f817737373989f9f455d5d9d92afe7caaa3dd15bd16359e167331d31d487e9af485dd4e5128356588c6ecc67a190433a9d61dd50779501bb04b597a9e43312416b6b3b3adada910cf37c2e8d703e8b507a1eb989111466a6e017644b8bbcd60fc916d19f8bbb94e5ca202e201671904a84e115b370b3f3cc0775c5629b9115b0560991441c96632337370f8be590ad18e4868bcdf65762fdc81eab45b62bb52fac1d851d69447d633bf35f8f6c7a0ad31363ea4554d5c863f0b28ad889c4309bcda2200d341c512b4965a56489f5237970dd22d44be1c472ca7362f06f686c439e8d5eb627103baf3c01a00c6a7496ba29a20de182ac5094f24c4f4f219b4da3b1a9110efda855d6e5fad2e8706a3576a20edd1ddd48d5d4305f1914ed0c26f36318498f62686e1453f939644bacd392ac106618a62b881ecb82c884ac640ec7d43ec1b20a57a3f55c6d09c1f62b8648391676d83e9d38fdf1a76c45e247f42775a73ed980e6640ddc7c0133f9b4de6e80b2168258e5257412479e32d47b4d530696ac0c65fb08e995b051d9df98698bb157fec9aa739b7a59cf74e396cdb69241369783cdb062c0d4ab91e5660aeb9e752cdb3c8885d461df2a2be6fd2275bb1846c44fe299f5cfe0e8ee43e8659dc8160a21d90a42907cd22939d3052b8ee5c5666ce22c8bdabd59dd28a8c0f36cc72ef3e687a294518afed977797a65afaff480bef82186fe305d3dcbbea9bd0d07d6f4637373336a78ae361a613b673cd98c6a677273448cb4b36c6f2243d91226c432c9cd30b9b1202b5f6d5e2f7cca30419d68647bee6e69669a25cc67e695acc5456d078d94775c0ce3543cd137d513b1ccf272d1d69a3ab45277e6e632184d8bc15f0cd4522a956bd52f14e9d7939720b23db531df729373787878517bac46b545a5c35276ea66aa1675f531d5f7cccd65796c715b7f30026d0a4aaaff066d4aa8bed918e8a0c16030180c0683c1603018ee8d8731737be25958adca49b5acb4d2463031d8ca6abacaac5856e4e5b205cc4fcbe3bb1134b67620c909b718053c4ee2538dad68a8ab819799413693e144df5146066d380adc93819eec6b644564369b55abfbe4e56d8ead5734af84c82e12d1465fd9ef379b1123c1ea45e5371c433291423c9e5406ee9a5812093b0e3f67c12ec69028d521891462b6bcf0ca826c45205b0bb86e48197f6575adec99ea7bb3949518546308d9b25a4dbf9848cb531b37d42acc4fc1f4f4a432d8c84bf45adb5a29e7cacbf4a42ca2b3929e320ed14f3c2ee592cf38927436f35d62b9c28514127e13a27e2d221ef35b627e656570b8011dfdcf60fbc12fa173eb6114a20d18cb7b982f85906869436367278ad4eb21e6c15556c3f2aa5f1e1363a4dc04916301f25b3b1e2b955d99584cf689ad457a7e1ef3e969e65b5e1ca6f36e476c245331b5c27e667c1a56415661da085b514cce65910f45504a34a267fb01cc5a0d98b3ea116fdf889d079f572b9aaf5f3b8f627a4aadd0744ab21b6a60506284b6a5cae04692483b094c5b71ccf333cb4f79b59facee0edabe944d6acfa3ffa21d46c18ea2946cc46c28855924304797b753c8b3aec5b8a8cb27fbe88a91d5c2d8d89872b23a5bea4bdad1024a1eac0fc498cf5af4b56ec5cbfb5ec52bbbbe840eab0375b93ad4176bd11a6ec6c6f635684ad661666a0a5353a34cc2ab32dae934e5e5708e2575194194751971e3887afc2efb01bbcc912bbd10e5cb3e4b6e76c08ba2b96600eb3bb721e5d5a3ceabc3da86b538b07e37d3ac87c7fe2e9b2be814ca864471627cb4d9073a88c2a6ee44bd3862c5a8721137cc3663c1633079099f180d7d1e2fe56d44dd04e26e0c6d910624dd2842794bf9af2da590647ed5f6155e49192dddbcfc7150136dc640eb26b444bad0e035a1c96fc6818167b0ad673dea2209cc4c8c498e5876d11bf6dffc15d4572e14c6ac1f45a1a60b1b9efb057cf12ffd3676bef43524da7a598fb6ea9f45377321ea01ead1b4ee000e7de36fe2856ffe267a761e4491fa9995c8d48a69ad0ba2c7b2a256f6241663bb185d3734b5a033124323ebbba698431bf3b2abbf1f1d758db8caba3f39c33a637a699ecf527605d745d2b159a7ade88946d0eee5d0431d7d7eed5af424294ffa999d9a86bc90313050d7cb361ed4e514d573a09975e5331d6adcc6541c3b3ada90645b9c181f675bcd291d1623ba3c8122f915e3b7d49cdcb85bdbdf8b96a63a64e667313838a8e2d654faa54affaf8dcc75750de8efed61bf4e7d1ebf85f4dcec42fb78d8f052ca36c27c7bbe5a295fd13abaaabec36030180c0683c16030180c77c76e6beff91d99bfad36a7a7ee01d5df1f0e3a466d245bbb6e1d5a5a5ad0d4d48c86a626d4d6a7947133118ea0a9a509a9da1af5e8afacf8f57d4bad908b72025c477f758d4d686c6c44737b275a3aba11734a18bd7105b3b3739cb0eb5580921653527f35c1e7ea229e48e847b7d563caf22c6f48190a0479cc5a5eea168946956154b61a580991692a9982ebbac865e5c55a1a31262859f07ce084e0f33387e916580edb8aa0b7b71f3bb6efc4b6ed3bb06e603db6addf8e9e960e24a903f50d8de85fbf095ddd9dcc7f1173f353c8e6b36ac568c8092b43696d4337b67436219e9fc499eb57315528c20f97e086e46569d40309c9622a23a22aee839559562e168aae5a8ddcddd98ed6e6668c0edfc2c4d42c7c65b0b4108dc591a5dc65bfd70d1b3660f7ae67f8b911eb376ec1c0866d686e6d538f8137d7366153cf3aacef5f83fada244646c7a8b316ec580d9a3afad1d3bf166ddd7d58bb611db6eed88e359bb66160fd46343737e2dad54b3877ea43b8f939656c2eb13c92375f0c4da2f33ce6d3497c5e60f49532f31c15417d17036c4d53177ad66d875718c38d2b1f233f43b9966c78968350348ebe2dbbd8ce1a70e5fd9fc19d1c562b437d2781895294619bd1d3d184d6d616e6710b36efd88fb59bf7a181edf2fcd9b771fa9d9f22924dabd4c5d8e9316f623c2a5a314465456b77175ae806fabbd907acc7e68d9bb075cb76f40ff463786458adda5f58c58b300a561c4d6ddd68ebea659aad58bb66009be97febb69d5847b9c4a80f23a3232c9a94565abcac38b5912bb8ac8b08babbd84734d5e3fab5ab989fcff1acae2f5989ad56c2fa11c442096ca7eeb5d73463a06b001bfad763d3dacdd8be712b7abbdb50a0bc3f39f31186a606991fea97dcace23f31338791406dac016b5b7bd0d5d286baf646f40ef460dba62dca683739318e3cdbb54bf18b448a05ca97e5e9aeab455b6b3b06d6acc3a60d5bd1dfd58f3095b53951cb742ee2f4ad8f91a3d24a5deaa62a37c95248c6eab0be8df5477daaed6840cfda7ea6b519fd9d3d189f9c44c1f550647d25223578f6e0f3d8b5750f36afd9824dbd1bb1a16b3d9a1231d4466db47476a277dd06d643bf7ab260626a82ed86da5488b1fd35307f75e86a6c463b7571c39a8dcce336aced1d80e3f8f8e0e377717df81a0aa10275c6a73c44b74a4af7422257278e7c298c86f67e1c78e14b686cef40bc2689f999694c8e0c2ac9f10fcb16876727b16def61f46dda89869666c453490cb22f2f66a9e38cd5963f652476d9173acc7eb183796b4ed5a3afbd05dd4d8d684a25d0ceeb49037564646616ef5cb98c4bb91c72ec2b448e51b6dfd6441cedec235b98467b478732c66e59bb1621f6b14db20507e5f0fef97398708bc830e170c9c2d6ee3568a94920979944476f37da7b7ab0a6ab071bd977b5b30e276e8de0c36b9731ec17d9d7e876a8daa2d2116a4838cabe218a975f7e91f96bc4d953c771fecc29c85ee462fc9636ac5ab26acfd24f89d157b6eb49a2bf6f03f61ddc89f9f430ce7f7c1c5323a3288a4e6885f814487871d2434a7cbcb6f2fab2866db0a5b91e572f5dc2f0d010cfcbb523682f411883c16030180c0683c16078f2503621994b71de2bb32fcf4ac2a9e985e524d5bc48594c388f43c9e3e4dd452837062b3faac2ae3417d276a60ad53fedb6f6dedf297f5f95e8c74da5d80f1725484e22c568b57ec306f5d2a66432812427edf2122fc7b2509348aa63b265813c5e9f4967283c1f7e298f7466062e2b20914c225557038793f3dcfc346e5ebd8c89c93178f2f878196dd8ac2ec3f215f5b8a936fc967cbd9f62905379a45fbfb0cc57ab18a3d19832ec4adde86d32f4cb9d24441d65298661b5ddc592ba5bfc4bf3d80cbfccab3c56de505f8f818101747674a0365683543489782c4a1914c152c04e4510ad892216b790ce4e6364ec26427601b27cb2c07f1ea2e8eada82752db598bf790643b3e3c8daaeda1f586d59c0e2f96cd0e52d39cb3c589925946c9d91cf6711631e7b7bbbd0ded18dd9b934a6648560d165671156fb4e4b1d1dd8b71f6bd60ca0a9b909f5f58d48d62670fdca05b4b434a2a12e858ece16d435c6317ceb1a8686ae531e45786e0e23b7ae239b99427f5f27c33620463dafafad61bf93c3b1377e8c331fbf8d3c6521e622d9ff588c3262e42b421ea39747e6f95b56448b53c635fdf8beaa6b2a819898e44b4b7b07366f588bf9b1210c5dbc0237e3c296958a56044d4d4dd8bc7e2d625e1a974ebc837c6696f2f31172d86e593793431711f1f2686948a1896589394066ea264e1efb21ae7cf236909e454456fa324dc99f3282f1533604c8a5e7502c64d0c8f6de5c578b66caa7a9ae19a9540a6ea1888b172fc2a30e4b2e65e5a418a6e473626404f1b085d6c65a7434b7a09e6dbfa1b65ef51553939318bc7e4dcc536a6b0579899f323eb2c3cecca7d1dcda81eede3eb4b4b663746c1cf373531481488c12b2a5fd50dbdc2c86a95fb1441c893af63fb57144a977c5d03c6e8e5ec6b1d3efe0ead80de42907d98f57f2277f953429df7496e5a24e466be28837d6a0aebe8e7d540cb66de3fce50beac55f45ca5f1903432ef5660cd1a485585d04a11830959ec2b92b67305f9c46a22d8af3e3e77079e41a7bbd10d4560594a11855e5629495b4fc1ca2b5512498562deb201189aabd5a2f5c3aaf8cccec2ed86e6a70f8e0b368ac6944534d031a6aea918c4758660f569469b3bfa829f7bf1393e3181cb9a5f2c70e079373c398cd4c0009faab8f23ccb43c3b8bab2317f0e6276fe0faf855ccc8961862046710b9e1207a15c844ea4dd61c87195f5b03eb39c9be7cfc166e5c3a8df4f4846826eb497a259689ba924a44d0da90448cedf7d2d91318b976057e5e6e82b1dfe39554ddc229af2ab6e4ba90cb6174661a51f69dcd756c53d13872bc765ca56ebd7bfd3adeb8761937e6993fb59d0a2fb86c23b24dc4d4ec1c728c27ccfab1a83bbe13c5e9b1615c189f405b6737a698a6188ca921cae01e66fb59bf6e3ddc7009c72f5dc0483a8bbad64eea471d326e11a7ae5dc5bb972fe2462e8db4cd76c83c8851d6938104eb4cc492601e5f7ee5156cdeb2093353e3f8fe77bf431d9c9392a8ad2094d4c463d9a932325ffdec1b5f7af159d4d63838fdd187f8e4a38f55bd8afe69797f7a44bfa4de242f89440aebd60db06dd5e2d2c5b3181e1ea4aeb01d31ad87939ac16030180c0683c160303c3e3e6bc36f68c7334725ce5586bc8d3e3024b2004b8c879f163154ca045310c3afda6ff10e1358f12f8fb4bb9ea7567dc9e458ed79c98a506f3a1727fb2ebab222580cc395fcde29ded5466353b37ae9cfc8e8288a85ca4a5d2128939447ca9f4ca5d46f798994bc004a5e7c27fb7d8ae14cf64396ed1d44161a313c50794569c96a904fa003b20fb3e44d5e66150b27e094c274529f3a5f95bcb25e51a00e6491c9cfb0ce3d44e331f876980ada8eb56b5fc48b5bda51b87c0caf7df23e868bf4473f45ea8b5a84c8d08bd1faf76058b01d59559dc0befdfbb079f366c87eaed7afddc07befbd87c9493100fb901713c66271553e0923eb50c5205414e50dcb5eae92070f96ecc12c2ff072f3ccabab8c7bf288b9edc461c7d8f1d811f5a8b88a817ebd5c1a25964fcaa4e2b6c2f8cad77f01c9fa66360e31b0ca1a5b29b72ea3bc70cb2d6494c174667c0cefbef533cc4c8e4b1fc77c44108a2618954b3f39b50581a4238fe0cba3fab24d85ef1751a09ed92579811af3c532c81602b2bd4a29c23c46639017a28598374682905750f993dfaae42a21413ff22eab1b252c9c984a5bea503a4959d31a625a36eb58ca68313dd9cf55c2c9760cb29777c177e0246b61d951d507c84da250a9a0f664f5f219b5f7b17a891f9394bd9c659b5de9bf42d4afa6d616bcfcd20bd8b4718dba4974e6c4c794c5db989a9a5446447931976327100945d49622b2f2394259b2b7815b629e422eb29237a6ebca8d19f63f0b2d8cdf3dd982c4b791e0452366c7f5beba945709ac57a784d9ec0ceb55eba4c8c161fd8aff246528fec4d02afa2e71b31ad563fd79ea4481698af66bc3aac8421cdbb3a4c574e294a34acb633e297b093b4f5904e9c87ed8a9781d6c461061188bf1f39492916a1b2129858ba25d42da9b47c6cbc3e577c98710b5122a8d986cafe051ce2c858f1c32aebeb152b0983ba9e82a245ab5773bfdcbdecc62c09415fab285803ccd5074a9bf6a1b0155bb2c9b5e951eb2a26a15bf6dcb1ecf05d6674ed56748f48069e9fe4ae74bea971121417934380e06a249bcb071136e66a6f1e3cba731c930b39211c6cb9a54610429b3acb88f3278cae619e64374759a69e618a655b612615d0ce52977ea854399c9562529f6cd54323615ea25db80b46fa90f1910cc17f2941beb8ffa58900a10dd90ac326fd1441c3bb6efc28e9d3bd4132dd9741adffeb33fc6adc11b2815f4361eaa67a6be51b1d56fb9d0b5b67562ffa1c3d8b0611dd3f3718afafaf39fbe86f9b979ca43f644667a2cd983f5e122f50a811ecb9ef9f2d2c5175f7c1e7bf6ecc2c9e39fe0cd375ec3e4f82465c43e48f67c26b21d8cc16030180c0683c160303c89c85c4d2da2913926e78079bb05d18e23b0632d6a0e2ddbfdc98bf44b816d63ea149c9993e5d08be752014be7c46aae5d26b46dc7e1553883d246df876df0ad468c023261ad36682e879cf739a196476f8349bf1c9350d58215238008560c619e1865c450408255c54f027732fc5623e59732255349d896adf6001627bf655fdfd9d959b8456d54d1048a194cef570b6290d6860ed1357939951c0b722b7519e8a06e346c94b60f271485e3cbdeb3f262b2245d3bb66f3e8ca435816ba75ec38591414cfbae5ad1976764ca40745bd92b8df56e3a1810f813c4f8194f44d58bd8366edc84678f1c55fbe57ef7bbdfc5871f7e8c7038829a9a3ab5b7acf815e350602c59be4310b397cea3fc0dfcc851c9ab7c06e7e5530c55e247e4e75a61fc95bff15b4836b640f6b8d52b6bb581466cae128353721167424337aee0bbffe18f919d9f56fbb84a8c6c8a4ad64adeb2aabc1cb71879741d8841968e6590bc6a39303f4e1845570c8162dc930cfb0bed30c8b9d655758030e7fcad8cd8122f7557641294571968596fd2f9aa35cc2c87aabbb2015bbf8c4d567ccaaa611da7dca092976449672df9937082484b9295304ab7e488dc1849a6b0ffd07e1cdcbb4bed09fda77ffcef71e6ec29e47345d699ac3267ded8c1db1e3ff94fbd544c191ce5c55cda202bc63105fda9af6583a4e8afa427e597b02cac3a2eb63cf5e404bfbb62d857817599e453f45896702ee8bb9497718a7f299bd61bf92dfe7db5da33c2fe5095568cb8f42f067b251d31808b7f5b0ce52cb70a4399b99e7ab19da42ae92cdc14507f359ecaa318719986182ecb865f27242f8bd33ea56caac6955f7d8d5006f0ea8888cab1cab7e449744bdab94ed3631d4b9f2ef52b17d3808a5c984fb94122fd3e8f56e229eb99c8a65cdeb04881658bd3cfba641dbeb875073e1ebc829f0e5e449efaeb5b11866779cbfdcc020c2f0665b96120a67db939a2f61c6699e54575225db9b522baa6749adfe5890bb5718abcd4b0fcb4853ca1e1b26da82899217d638359645cf25beab0a3ab07afbefa6574b677e0f2c57378edc73fc1d4e414db4e91ed4d975ad032a30ef033ca7e6dcf9e7d78e5955730373d8563efbd838f3f789f7acaeb02e3547a52f67fb77e6b792a7217b48e49fb14f986d4cdac2f7cf94ba8af49a1989b631e66f0f39fbe8e73172e68ffcca5ce81c16030180c0683c160303c590473353597ff6c0cbf071fcbfc494f1c97cf30b3bc30b17c746823d0bd104c6cc518e08bd180e1e4989eaccae49793674ea0c56013bcf84cf25f6d787812b893e1571bd6a49865f348f9b7187a65cf5f79098facf84d67326a15b018842b04f55c31323c7e244f62f8add44d60a892d58d825a5a2f9f7ef92604eb5ef6f56c4875e0e8feafa1219182258642cf425b73072e5ffd10efbcfd6798cde7e04664752d90675cc13eb12b71af7a52adafe257f65cb61d5bc9bab1a911ebd6adc3cccc0cae5fbb89a2ebc2a35b30e691a0acc1caeb4fdbc65832252fb55a32144649ad829595bad2067479c5f829df6c5f76faf560c98a502f4f4759ca49f15336a8a98e8d79121d53edcb2ff2b825f64db5ed82ed38ca882d7e642b11317ac9ea72a92d91b1321a2974dae24fef51bd58efaae52d6d5a50f5ce74652f6b1d97aeb7e0c680f6c572308ca42dbaa25fd2a6e3967a50ab7083b8c5b0495d91905aee1283ac38a62ef16757473b366f5c8f2b572ee2e6cd9b705dbd2585acdc15584a95174df02979d49f16eb5c6d8750851800f52a6e29bb18724576c16f912be3291bfa8272cb0dad22f5c871a22a7dc99b4bbd911c481a722152fe541904c6cbbfa25b725eda883282f253fce8bed156ba2971ca0bd7c4786db312c5e02a3788641f5f8dc8461b59e5bb10e8a65ca554dd56f5aba217227f49af9aa09d060467252ff2b2401dd643d80a970da62267ca4ff2cab4c5d85c4da140dd2caf2c5532117fac5f65e41739940dbfb2ea96276189519bf95fdfd88c17b76ec7b1f3a7f1d1e875b5e50363a23ffda2b58554243d86afbe212148dc523dd2df08923791a53c6922f5297916d189ae043a21f52788215b9787ed50ca2d5779a91bc6d9dade86756bd7e2ea954b181f1e512b866dcb51fe246ddd1e582615936ed3f2b2cbb50c535f5f8f33a74e6076765ad5bb207a16a4255474e37ed0650e909b16a2fb2223697336db56674f2ff6efdd8d353d9d4a863ffaee77f0f18913cabf31fc1a0c0683c16030180c86271599737da686df2ddbf63fb6f953c550b3143d457eb009e5bdb2bcb0eecec2f4fd73c7bdaef815c49012ac6616a3a36cf720461d3122dd4e20ebd5243bc993ce9732e6f0bb3c06ef5bb2da34c867c590273e6cb1b5144b58d3bd133b373c8ff68606b6d32c26c66e61f8d6206e8c5fc1f8ec2043c98a453655ca47356815c383eadbed541b806f471b84c418ac0c7dcc8becefaaca515e65b93c95739556279d10ff960f2c570e39475ffc6629a3af10e42e88478c5e81d94b3a35edcb57466165042341184d908636324a98e0d8e2ce6c69d8205cf01910d4e7ca2ced242bc6456db80d620c6c7541d755d195c588dc16a25c247791855009b72806155fe5c852a3e4e25f8be3557f170b72092ccb72e7258d721e2b5d7210f7e214e5f71251dd9de5f4ae2acd6a444f45a6d2af54f73101774a7be5a22f933ea9d4e5d2322eefbf42c57f901f917b8487c3fc94b3b21d47ce06b28c4ab67590ed632ae116a717e85e507795dfac2ff9b292fcaa2807255506e625c89915e313aae3143feab73ea65ef4a612915b12012bc4734f2c0dab7f2f977795ef20d1721e2b7930180c0683c16030180c86270b99f33d15865f6dbc5a69e2a82777c6f0fbd9f2690cbf7373f32b187d8540d6ab497692a72a1d2869236dc162c3aa368004f8be32e084e1f0b31e61bf956db44841ccc22dc9cb9f648f520fae53640393c7c8f5ea6151e1d2d2b43e252b1b7eb5d157e42cab05fd52f5761ba46cf0b1d48adce5d0e72bad6eb9fad27e2a39103f8bcb1674388b3a9af2e7d29caf743c40ce57c7b3b433a394d5a76c2fb1c052c396ea4ccbdf576449981575754959cb9fd5681f5506d2aafcdc319505a356e5e84a86e50a4b63d4045b295423fbb2de8d15efc52dc3b2466461499eb5feaf4c753c0f6af8bd73f5de29fde5e4abfddf4ff9e4888492ed4b44d7a4afc8d9fe82e137ecf3cb42b86075add46ff90b59aaa3fa5439efcbe874402598cec75282902b96276049b93472acfa78251f3aba25f9ba67960f574929384f5d287fabb05c3e0d0683c16030180c0683e1c940e6819fa5e1f741676d9f1a99ccdfcd199e1c5636fa3e59382507b6bfd885e9a2a508c2f28226b626cfcb215d1cc79c3f86199b9fe139cc468a48873de49c125c3650dde8fcfb32a43d4c2a2fd6bb7fa47f58c9552345d3ce87cdce4a9cfc16e397b887814423ab27459e4b3b329d84c87a713716f85deaffb3a092137e1363dd12835d60460bdcf24898a05c62a4d74ead9c5ee2ee05118338310b2e76d5f90db87bee1e35522e955f56f0dd0df6f7427599aa9ddc18a9fefd60a89844dff44f45a12cd88894417fad2290bc76415deafab6eeabfd686f415c956fd5ee8e88b157b93bc9e29e637b6854b761952365945e2e6f0683c16030180c0683c160b8139fdd4c6e59aa2773d5eeb360b974efc519ee9fd528bbea3aa52b1b16f46a3d6b91538699aaa652b23c849c1c3d1650725c58510b91641876e4f6e6240658d92fd683ab9c1830eebe8a73b510187b2a4e0c4df768935a30388ad3e1aae45d76f71a5fe0afdaad4c551a77957550b67b2588fb01617e6445f9b28ea7ef5caec575214e1b0df9f51eb8dd105ed6c5b2933c2c26286bb5abb0e24d0de64956c156cab35c3c81d3f104ee6e04712e75f78f4e7b7974de6eab9fc0f1eca2b4796cc1315cd0c6e55c60bc5e1a2e60f9baabd4efc269095fed7868d9a00be8bc889395becbadf6adc45389afe28263415d563bede7d351c9df22c73c69826364e198c16030180c0683c1603018ee17995d1a0c4f298171419c0bb5ea6d2517ac0e54961a3996a1cbea9589ae8f52360ba75054fb7cdac10baaca3cae55bf8f9ac000244e56e58a0b7edf8ec8f8b3a162367b9cb0bc62b05aea1e03cbd5d3d2fa12776f48192a4e1b22197e89bb7716c7b760290d855092ed4aee2baec7876ce72054cbf541591a877cde39be253254ee09863a55bd32dd6030180c0683c16030180c0f4ed936526d2ab95767307cbe086c4ecbb96af48a3e6ddc0d1e4b0f5cf088b636bf3caeb6524e93795be414c1a720dfabdd83b07c1c22866af72859aebe96ba95a9369655bbbba1fd551ba8b491aa125e925dcedd2bf75e8660e56fc57db65497bbdaad6696eaed83cbecdeeae8ee7cdaf02bb168a57095abb09c2cc4adc4bdf87930aa65b9d4190c0683c16030180c0683e1fe79f8333783e1738eec3f2d2f9d0adceaa4da3853ed0c0683c16030180c0683c16030180c4f03c61264303c74ec452e54aab847bb227371ba2bbbc761040ed25cea0c0683c16030180c0683c16030180c8f02637931181e0059f55bed3e4b1e67da0683c16030180c0683c16030180c862783b2e177e9de8cf7e284e58edf8f33181e0f7ea9a49cc16030189e2c82febbda190c0683c16030180c86278fe5c6f677724f1acb95a1e4d3557fd209c1a7466ca6fadd529f164b47f62018c3adc16030180c86c78f0ca00c0683c160789c84cc937886c7c05283d293e40c860761395d5aadee81502fe2d6f6d687b54583d9eac1f0d4613bf6c216090fdc180d06c32363f19d4ec3d3c8d24153b55b89e5fc3e6a6730180c0683e1f3cf726380d5e29e64962bcfbd3ac393c372f557ed3ecf2c2d9f57f295f3e9f44adfca825afddb83c5637688e17cbddaf761cc8ded96d6cedf011ee4eee4c3a82073577435114f24100e87914ea7a9636ef9e8f288f2c95d6d71f1441cd96cb67c66f5138bc6e0fb6c706c4841193e2d413c77738f82e5d2b99333189e048cbe7efe9181908c24aa9dd4b93aae0643c180e8ce4eb334a687e7eea48746470d0683c11060ae094f3ecb8d4d9453c69965cf3c14f76974e751e7ed51ba4f55eeb233ed6ef523f574279e641dbe5f277f17a0ee5aea880f37948453d30bd8511ee651aab5f25bf25012bb556e0c567e548e90e5755ec25453fdd36e69edfe9df2f7fb44a2f9b4ceb07ab09401f76930fc4a193dcf53c6dfa00c0683c160f86c51c39fb281d7f7f8c93e59fa65f954465dbf3c34521e5776d546e0e5dcc3196e5412acbe6698eb87c160301802cc35e1c947aef4d504e394ea7d38f55885dfcbae7a2cf2e9c61c7a9c71bf4ea5fb44737b99eee6cc58ecc942ea683927b5a9d1df56d2e5eaf6f724b9eafe40ca2b54af009623f4c973806769c3af6dc56059e58d19783ca4e647f766f895a3d5ae1ab3d583c16030180c86cf9c852d773c6df05513a9f24049be07842c0e0eefe01e358b0670eab79e041a0c0683c160f8fc52b931bdd818b5d47855cd52bff74af558e37edd938ac84a8d01efd34999c510168cc5963e4a6f78f258d06731f02ea3170be79f30a7f25eee138263f78af42dd643546d63f835180c0683c1f0d8a81e042d37200a06812bb9bbb15c9807765583363521e47733e130180c0683e1f381dc940e6e4cdf8f91a69a65c70fc6dde61e06e646fc934dd0d68440271eb4ddad661e96be7f1a8ce1d76030180c06c3aa62e90a9ad5c2c284c5187b0d0683c160f8dc616ee87e760437d3efdb2d198b0537e20d4f1e4f53bd057afbb830865f83c16030180c8f8d6a23ef4adf1f17b74d3602579e709895260683c160307c3e9171c867b5ad94e1c190b1588031fe3eb954b735f57d89337c7a9e5ac3af4ffd09dcdd58de9f4cf6b4d3e72abf0d86cf17d5babd927b142c974eb57b3208fa8fe5fb9195d065acf62edfed921c0bfa9c0af79fc693294b832097eda597eee58e2d8fa8c7726e29a192b5d8c9b105b7bcdedc4d0717c297e3d479b6e9ee4088e9dcc93d26aa271af786e435704f0341fddecd7d7654eba7724c7f2567789ce87622fd8c766ceaeaf8e3e651eb6c107fb55b3ddcaddd7c1a16b54bbadb59bd72b93f16ebf6726819c8382f702bc964f512e479413f82df8bca115c0f979783c1f069a91ebf3ead48d917b945e3efe59ce1f38ca9e1051e40e143453a73c132181e277277d7f5dcf2afa01df3c2161283d293d5c50503640f2e1dfb969203cb0b238a18fa52f5d899ac456dbeb8304c8ef28b5db63fc9b1a5bd915ce40d9f1796d6ee4324181c57b995d1f90806917723f0277aea7b1e2cd52e1fc470faa4e2d03d59fdd0a767159757749bee766384cef362c384e171b11aab21c42e4bb9f2ef8789c429714b3f299f4f37cb8d663ecf54fa9ea7b7ff799aeadbf0d9128c473eaffd8a942f70778173cac09fbe9ec9783ff8ae0eaf6a965b05fca4b807e561cf95ee414b9e062a62b8970b6fe5bcbfd085ac14460edf253a83e173c0e3b9a0068ff448a7ea97e87c1b254f1baeac850b1a3f95afd54270815eec821533812443218b1dbe0dc78aa02696c2d69e016c696c424df91a20659249a2bcedf35e24bfb86fd332a976d52c77ccb05ad17a23ac549f8b607bb8cd29e4b3da2d8fe85be0843ba6e5cbdb6c3dd8655fa9440dc2960c3c196e6120e4a9bfd583a3eaef776555df7ca51c03f93e653789ab271377728f96e5642e065fade37256fb08745ed795ea2bd5f9c5c70d9f0df7d8f23f53549ea40d3f8276ac6eb4d1294dbbad4d54eba0b8cf3b6c75cbcae0c946f447bbeaf168a55caaaf59b8167f8e78446dc6f0f92118efddaf5361cbdb6f04bf9747eb5ff5d32377f2fde420fdc5d23e63e5b99dcc8983108b5df08dfe1ff998ccf0b8d135fd14b27860a13b0579a4467f5f7c910a26b9d586139938f888f29b538e4b2613fab3820f4e7be90c862799e0a210b85544f9ee6528e4a97618f163907f11af04db7361cb06ea4fd8a033c43cab0b313b9408fb9990eb225272519388a9a7e2a5e709bb45555ee95bdc3b548957eeb35cf9e46fedaaeb327086d549e57ae4f35aa38c51d4677d547e0777efcb6ec9c4512e494bdda742c55f49535ffb2ac8efc0a9f34e94798c2251d384afbcfa0dfcd5bffed7d0d2dac8332c89f2a4cb76df483eaacb1a4c2e575d5b0fe42578ab307f8f86951e617e3c0479117d95fa10c39238d60c7f47e8e437420575cea9d25fc3e340da36db4ce056493d2895784494d8319778ad97eb75d172553fb15a27e0aa7f97cf25ee61a0e2667b54c651d6bdb8cfc313138161bfe2226527e592b2966fe2cb2f2583c54e6ea02af78420463887fa1cdcf0bd335a06da190c0f0fa57d21e94fe5da4ea4cd3d8d7a16f43b8af278a87c6d955fab69b46678f43cb53dad7408ea825a56796df4955f5a24818177296ae25d76950b77804ccaf5a7beb354694e727885280d86558d7e148483b82a2703f347d17de8b4224bd2ba1362220dc30e39fc1bc6faee6df8c52ffe0a5e3af82c1a93350ccf89fc63beaadd3688bf036a437b7e867d1b49719e8b3ab858535f83ae541cc948148dd1181a7d1f71dfadeaa7b45123702247dd4fe91e4e8c197186497a3ea2fc54db43f0c22f7e23f41053f1559d93d3fac3b00a907af6a9e372c3d1e5b54a1bf2f5ef8a7a57be0575a7aa997aa05df93bc3066e313e8f89d3e73c6588089c0e5b4db54e574725dfd54497fe8b4560db8e9df8b56ffd256cd9b61d89641cb95c86e79857dfbb4bdb5e8c946ee1fa2be55e28bb3eb39ad0f555ce99fa2efb34e6f8bbb870eef34bf9863727);
INSERT INTO `item` (`id`, `item_name`, `item_type_id`, `location_id`, `item_location`, `description`, `owner_id`, `price_per_unit`, `unit_id`, `avaible`, `titrePropriete`) VALUES
(8187, 'yyyyyyy', 2, 4, 'salam', 'uhaGBQ', 23, '5555.00', 5, '', ''),
(8449, 'ddd', 2, 5, 'hau', 'alke', 15, '6564.00', 5, NULL, 0x43617074757265206427c3a96372616e20323032332d30372d3035203130343030312e706e67);

-- --------------------------------------------------------

--
-- Structure de la table `item_leased`
--

DROP TABLE IF EXISTS `item_leased`;
CREATE TABLE IF NOT EXISTS `item_leased` (
  `id` int NOT NULL AUTO_INCREMENT,
  `item_id` int NOT NULL,
  `renter_id` int NOT NULL,
  `time_from` datetime NOT NULL,
  `time_to` datetime NOT NULL,
  `unit_id` int NOT NULL,
  `price_per_unit` decimal(8,2) NOT NULL,
  `discount` decimal(8,2) NOT NULL,
  `fee` decimal(8,2) NOT NULL,
  `price_total` decimal(8,2) NOT NULL,
  `rentier_grade_description` text CHARACTER SET utf8mb4 COLLATE utf8mb4_0900_ai_ci,
  PRIMARY KEY (`id`),
  KEY `fk_item_id` (`item_id`),
  KEY `fk_unit_id` (`unit_id`),
  KEY `fk_renter_id` (`renter_id`)
) ENGINE=MyISAM AUTO_INCREMENT=6 DEFAULT CHARSET=utf8mb4 COLLATE=utf8mb4_0900_ai_ci;

--
-- Déchargement des données de la table `item_leased`
--

INSERT INTO `item_leased` (`id`, `item_id`, `renter_id`, `time_from`, `time_to`, `unit_id`, `price_per_unit`, `discount`, `fee`, `price_total`, `rentier_grade_description`) VALUES
(1, 8324, 14, '2023-05-02 11:21:09', '2024-01-04 11:21:09', 5, '9999.00', '200.00', '0.00', '9799.00', 'nice'),
(5, 8446, 17, '2023-02-10 16:45:33', '2023-09-20 12:45:45', 5, '200.00', '21.00', '0.00', '4200.00', '...........\r\n'),
(4, 8449, 25, '2023-05-02 11:21:09', '2024-10-01 12:00:00', 4, '2422.00', '200.00', '0.00', '2222.00', 'nice');

-- --------------------------------------------------------

--
-- Structure de la table `item_type`
--

DROP TABLE IF EXISTS `item_type`;
CREATE TABLE IF NOT EXISTS `item_type` (
  `id` int NOT NULL AUTO_INCREMENT,
  `type_name` varchar(64) CHARACTER SET utf8mb4 COLLATE utf8mb4_0900_ai_ci NOT NULL,
  PRIMARY KEY (`id`)
) ENGINE=MyISAM AUTO_INCREMENT=3 DEFAULT CHARSET=utf8mb4 COLLATE=utf8mb4_0900_ai_ci;

--
-- Déchargement des données de la table `item_type`
--

INSERT INTO `item_type` (`id`, `type_name`) VALUES
(1, 'appartement\r\n'),
(2, 'villa\r\n');

-- --------------------------------------------------------

--
-- Structure de la table `location`
--

DROP TABLE IF EXISTS `location`;
CREATE TABLE IF NOT EXISTS `location` (
  `id` int NOT NULL AUTO_INCREMENT,
  `postal_code` varchar(16) NOT NULL,
  `name` varchar(255) NOT NULL,
  `description` text NOT NULL,
  `country_id` int NOT NULL,
  PRIMARY KEY (`id`),
  KEY `country_id` (`country_id`)
) ENGINE=MyISAM AUTO_INCREMENT=8 DEFAULT CHARSET=utf8mb4 COLLATE=utf8mb4_0900_ai_ci;

--
-- Déchargement des données de la table `location`
--

INSERT INTO `location` (`id`, `postal_code`, `name`, `description`, `country_id`) VALUES
(4, '46546', 'oujda', 'scfehg, qsdfg', 1),
(1, '46546', 'essaouira', 'sdftuiogfd', 1),
(5, '11997', 'Casablanca', 'qsrtyuivsddnsduhfuetrg', 1),
(7, '179956', 'Rabat', 'zDJBzjrgz', 1);

-- --------------------------------------------------------

--
-- Structure de la table `role`
--

DROP TABLE IF EXISTS `role`;
CREATE TABLE IF NOT EXISTS `role` (
  `id` int NOT NULL AUTO_INCREMENT,
  `type_role` varchar(25) CHARACTER SET utf8mb4 COLLATE utf8mb4_0900_ai_ci NOT NULL,
  PRIMARY KEY (`id`)
) ENGINE=MyISAM AUTO_INCREMENT=4 DEFAULT CHARSET=utf8mb4 COLLATE=utf8mb4_0900_ai_ci;

--
-- Déchargement des données de la table `role`
--

INSERT INTO `role` (`id`, `type_role`) VALUES
(1, 'Administrateur'),
(2, 'Propriétaire'),
(3, 'Locataire');

-- --------------------------------------------------------

--
-- Structure de la table `unit`
--

DROP TABLE IF EXISTS `unit`;
CREATE TABLE IF NOT EXISTS `unit` (
  `id` int NOT NULL AUTO_INCREMENT,
  `unit_name` varchar(64) CHARACTER SET utf8mb4 COLLATE utf8mb4_0900_ai_ci NOT NULL,
  PRIMARY KEY (`id`)
) ENGINE=MyISAM AUTO_INCREMENT=6 DEFAULT CHARSET=utf8mb4 COLLATE=utf8mb4_0900_ai_ci;

--
-- Déchargement des données de la table `unit`
--

INSERT INTO `unit` (`id`, `unit_name`) VALUES
(5, 'sedrtyuikolp'),
(4, 'azerty\r\n');

-- --------------------------------------------------------

--
-- Structure de la table `user_account`
--

DROP TABLE IF EXISTS `user_account`;
CREATE TABLE IF NOT EXISTS `user_account` (
  `id` int NOT NULL AUTO_INCREMENT,
  `role_id` int NOT NULL,
  `location_id` int NOT NULL,
  `username` varchar(64) CHARACTER SET utf8mb4 COLLATE utf8mb4_0900_ai_ci NOT NULL,
  `password` varchar(64) NOT NULL,
  `phone` varchar(255) DEFAULT NULL,
  `mobile` varchar(255) DEFAULT NULL,
  `email` varchar(100) CHARACTER SET utf8mb4 COLLATE utf8mb4_0900_ai_ci NOT NULL,
  `registration_time` timestamp NOT NULL,
  PRIMARY KEY (`id`),
  KEY `location_id` (`location_id`),
  KEY `fk_role_id` (`role_id`)
) ENGINE=MyISAM AUTO_INCREMENT=30 DEFAULT CHARSET=utf8mb4 COLLATE=utf8mb4_0900_ai_ci;

--
-- Déchargement des données de la table `user_account`
--

INSERT INTO `user_account` (`id`, `role_id`, `location_id`, `username`, `password`, `phone`, `mobile`, `email`, `registration_time`) VALUES
(1, 1, 4, 'yousra', 'gghhyygg', '0694268432', '0654471147', 'yousra@gmail.com', '2023-07-17 10:31:12'),
(16, 2, 1, 'marouane', 'password', '0695173726', '178921548', 'marouane@gmail.com', '2023-05-17 10:31:12'),
(3, 2, 4, 'maha', 'mphus', '0678952134', '0522106644', 'maha@gmail.com', '2023-07-16 11:47:00'),
(19, 2, 5, 'hamza', 'azertuio', '0678995566', '0545123698', 'hamza@gmail.com', '2023-07-17 12:42:11'),
(15, 2, 7, 'simo', 'cggg', '178921548', '178921548', 'simobr100@gmail.com', '2023-07-17 10:31:12'),
(17, 3, 5, 'wissal', 'azerty', '0678963102', '0522361455', 'wissal@gmail.com', '2023-07-17 10:31:12'),
(14, 3, 7, 'simobr05', '44', '0695173726', '0695173726', 'mar@gmail.com', '2023-07-17 10:31:12'),
(18, 3, 4, 'aajli', 'qwerty', '178921548', '178921548', 'ji@h', '2023-07-17 10:31:12'),
(21, 3, 5, 'aajlidcdcd', 'ddcdcdcd', '178921548', '178921548', 'ji@hccs', '2023-06-26 08:50:00'),
(20, 2, 1, 'amin', 'azertyu', '0696812339', '178921548', 'barhmiyousra@gmail.com', '2023-07-17 11:48:35'),
(22, 2, 5, 'boubou', 'gbcvc', '0695173726', '0696812339', 'boubou@gmail.com', '2023-06-27 10:42:00'),
(23, 2, 4, 'chaimaa', 'cc', '178921548', '0696812339', 'chaimaa@gmail.ma', '2023-07-25 10:42:40'),
(29, 2, 5, 'halima', 'boubou', '0645395427', '0500000000', 'halima@gmail.com', '2023-07-28 15:43:00'),
(25, 3, 7, 'sabrina', 'jjjj', '067841288', '0578661598', 'maj@gmail.com', '2023-07-29 16:17:00');
COMMIT;

/*!40101 SET CHARACTER_SET_CLIENT=@OLD_CHARACTER_SET_CLIENT */;
/*!40101 SET CHARACTER_SET_RESULTS=@OLD_CHARACTER_SET_RESULTS */;
/*!40101 SET COLLATION_CONNECTION=@OLD_COLLATION_CONNECTION */;
